BKG_NO,BKG_DT,BKG_SHPR_CST_NO,BKG_SHPR_CST_ENM,ACT_SHPR_CST_ENM,POR_PLC_CD,POL_PORT_CD,POD_PORT_CD,DLY_PLC_CD,FRT_PNC_CD,TEU
IN00236442,20200101,AE2201,ARTH ENTERPRISE,ELKINS TRADELINK LTD,MUN,MUN,NBO,NBO,P,6
VN00519022,20200101,ASLV07,AS LOGISTICS,,SGN,SGN,SHK,SHK,P,6
VN00519023,20200101,CASV05,CHEER ASCENT VIETNAM CO.,LTD,,SGN,SGN,ISI,ISI,P,1
IN00236440,20200101,CL2601,CMANDHAR LOGISTICS PVT LTD.,CAFFIL PVT LTD,AMD,MUN,OSA,OSA,P,1
IN00236444,20200101,HBJP01,HUB & LINKS LOGISTICS INDIA PRIVATE L,RATAN ALUMINUM RECYCLING PV,PYL,MUN,NBO,NBO,P,2
IN00236446,20200101,IN0502,INDOMATRIX LOGISTICS PVT. LTD.  ,WOOLKON INDIA,LDH,MUN,HPH,HPH,P,1
IN00236436,20200101,JS0103,JSB CARGO MOVERS PVT. LTD.,MIRHA EXPORTS PVT. LTD. (PUNJA,LON,MUN,PKW,PKW,P,2
IN00236435,20200101,JS0103,JSB CARGO MOVERS PVT. LTD.,MIRHA EXPORTS PVT. LTD. (PUNJA,LON,MUN,PKW,PKW,P,2
SG00262050,20200101,KLPS07,KORCHINA LOGISTICS (SINGAPORE) PTE LTD,KLPS07,SIN,SIN,INC,INC,C,1
IN00236439,20200101,RAJ01I,RAJA AGENCIES,SUDHAN SPINNING MILLS P LTD,MAA,MAA,INC,INC,P,2
IN00236438,20200101,RAJ01I,RAJA AGENCIES,SUDHAN SPINNING MILLS P LTD,MAA,MAA,PUS,PUS,P,2
MY00375771,20200101,SOLM09,SEVEN OCEANS LINES (M) SDN BHD,LAM SOON EDIBLE OILS,PGU,PGU,PNC,PNC,P,1
IN00236433,20200101,TISCO1,TATA STEEL LIMITED,TATA STEEL LIMITED,VTZ,VTZ,NBO,NBO,P,54
IN00236434,20200101,TISCO1,TATA STEEL LIMITED,TATA STEEL LIMITED,VTZ,VTZ,NGO,NGO,P,5
IN00236437,20200101,VC4401,V-CARE LOGISTICS,ASAHI SONGWON COLORS LTD.,AMD,MUN,PNC,PNC,P,1
IN00236432,20200101,VE0602,VELOCITY EXPRESS LOGISTICS,UROLANA,LDH,MUN,PNC,PNC,P,1
IN00236445,20200101,YGL005,YES GLOBAL LOGISTICS,HIKAL LIMITED,NSA,NSA,YKK,YKK,P,1
IN00236527,20200102,00EXIM,EXIM PLANNERS & TRAVELS ,SIDDHARTH GREASE & LUBES PVT L,PTI,MUN,HPH,HPH,P,3
IN00236529,20200102,00EXIM,EXIM PLANNERS & TRAVELS ,SIDDHARTH GREASE & LUBES PVT L,PTI,MUN,HPH,HPH,P,1
IN00236463,20200102,0OME01,20CUBE LOGISTICS PVT LTD ,20CUBE ,BDM,MUN,PKW,PKW,P,1
VN00519275,20200102,3ASV01,AAAS LOGISTICS SERVICES CO.,LTD,,SGN,SGN,INC,INC,P,1
VN00519316,20200102,3ASV01,AAAS LOGISTICS SERVICES CO.,LTD,,SGN,SGN,INC,INC,P,1
VN00519318,20200102,3ASV01,AAAS LOGISTICS SERVICES CO.,LTD,,SGN,SGN,PUS,PUS,P,1
VN00519143,20200102,AAEV05,VANANH HANDICRAFT & ART ARTICLES EXPORT ENTERPRISE,,HPH,HPH,IYM,IYM,C,1
IN00236501,20200102,AARG00,AARTI INDUSTRIES LIMITED,AARTI IND LTD,NSA,NSA,KIJ,KIJ,P,1
IN00236499,20200102,AARG00,AARTI INDUSTRIES LIMITED,AARTI INDUSTRIES LTD,NSA,NSA,PNC,PNC,P,2
HK01069639,20200102,ABFH00,BERKMAN FORWARDING HONG KONG LIMITED,AEL-BERKMAN FORWARDING (HK)LTD,HKG,HKG,SIN,SIN,P,1
VN00519060,20200102,ABKV01,ABK VINA INTERNATIONAL LOGISTICS CO.,LTD,,HPH,HPH,INC,INC,P,3
TH00555323,20200102,ABL03T,AB LOGISTICS CO LTD,FD GREEN THAILAND,BKK,BKK,OIT,OIT,C,11
ID00589021,20200102,ACKI00,PT.ARKAN CARAKA ,PT.MULTILINTAS EXPRESSINDO,JKT,JKT,SGN,SGN,P,1
VN00519245,20200102,ACSV04,MASS TRANSPORTATION,,SGN,SGN,BKK,BKK,P,2
VN00519089,20200102,ADCV05,A DONG CRAFTS IMPORT & EXPORT JSC,,HPH,HPH,HIJ,HIJ,C,2
VN00519228,20200102,ADFV01,ANH DUONG  FORWARDING TRANSPORTATION ,,SGN,SGN,PUS,PUS,P,1
HK01069560,20200102,ADGZ00,GUANGZHOU A&D LOGISTICS CO.,LTD,SHANGHAI LEIGUANG INTERNATIONA,HUA,HUA,PUS,PUS,C,2
IN00236539,20200102,AE2201,ARTH ENTERPRISE,ELKINS TRADELINK LTD,MUN,MUN,HKG,HKG,P,4
TH00555348,20200102,AEO03T,AEON FOOD PRODUCTS CO.,LTD.,AEON  FOOD PRODUCTS CO.,LTD,BKK,BKK,HKG,HKG,P,1
IN00236492,20200102,AG1701,ASHAPURA GROUP OF INDUSTRIES,ASHAPURA INTERNATIONA LIMITED,MUN,MUN,VVO,VVO,P,12
TH00555267,20200102,AGI02T,A&G INTERNATIONAL CARGO (THAILAND)CO.,LTD.,UNICORD,BKK,BKK,XGG,XGG,P,4
TH00555504,20200102,AGI02T,A&G INTERNATIONAL CARGO (THAILAND)CO.,LTD.,WELLGROW,LCH,LCH,SGN,SGN,P,1
MY00375833,20200102,AGLM04,AGILITY LOGISTICS SDN BHD,AGILITY LOGISTICS SDN BHD,PEN,PEN,SSN,SSN,P,1
SG00262113,20200102,AGPS06,AM GLOBAL PTE LTD ,SAK,SIN,SIN,NSA,NSA,P,1
SG00262104,20200102,AGPS06,AM GLOBAL PTE LTD ,AM GLOBAL PTE LTD,SIN,SIN,PUS,PUS,P,2
SG00262052,20200102,AGPS06,AM GLOBAL PTE LTD ,AM GLOBAL PTE LTD,SIN,SIN,SHA,SHA,P,2
SG00262080,20200102,AGPS06,AM GLOBAL PTE LTD ,SUMIDUREZ,SIN,SIN,SHK,SHK,P,2
MY00375775,20200102,AGS101,ABILITY GLOBAL SERVICES SDN BHD,ABILITY GLOBAL SERVICES SDN BH,PEN,PEN,INC,INC,C,1
HK01069488,20200102,AIIH00,ANC INTERNATIOAL INC.LTD.,ANC,HKG,HKG,INC,INC,C,1
SG00262082,20200102,AILS00,AGILITY LOGISTICS SOLUTIONS PTE LTD,SYNGENTA,SIN,SIN,NGO,NGO,P,1
SG00262091,20200102,AILS00,AGILITY LOGISTICS SOLUTIONS PTE LTD  ,HUNTSMAN,SIN,SIN,SHA,SHA,P,1
SG00262093,20200102,AILS00,AGILITY LOGISTICS SOLUTIONS PTE LTD  ,HUNTSMAN,SIN,SIN,SHA,SHA,P,2
SG00262095,20200102,AILS00,AGILITY LOGISTICS SOLUTIONS PTE LTD  ,HUNTSMAN,SIN,SIN,SHA,SHA,P,1
TH00555403,20200102,AIP05T,AIPEC LOGISTICS THAILAND CO LTD,KEMIRA,LCH,LCH,PEN,PEN,P,1
VN00519025,20200102,AITV00,AITC LOGISTICS (VIET NAM) CO., LTD,,SGN,SGN,TYO,TYO,P,2
ID00588897,20200102,AKPI01,PT.ARGHA KARYA PRIMA INDUSTRY, TBK,PT.ARGHA KARYA PRIMA INDUSTRY,,JKT,JKT,PUS,PUS,C,1
IN00236510,20200102,ALG000,ALIANCA LOGISTICS PVT LTD.,U.S CLOTHING ,MUN,MUN,PKW,PKW,P,2
VN00519090,20200102,ALOV02,ALO TRANSPORTATION,,SGN,SGN,LCH,LKB,P,5
IN00236487,20200102,AM0523,DHL LOGISTICS PVT LTD,DHL LOGISTICS PVT LTD,AMD,MUN,KHH,KHH,P,1
IN00236454,20200102,AM0552,TOBEN LOGISTICS SOLUTIONS PRIVATE LIMITED,TOBEN LOGISTICS SOLUTIONS P L,AMD,MUN,MIP,MIP,P,1
ID00588937,20200102,AMCI02,PT.ACE MULTITRANS CARGO,SEOWON,JKT,JKT,INC,INC,P,2
ID00588930,20200102,AMCI02,PT.ACE MULTITRANS CARGO,DONG IL,JKT,JKT,PUS,PUS,P,8
ID00588918,20200102,AMCI02,PT.ACE MULTITRANS CARGO,DONG IL,JKT,JKT,PUS,PUS,P,8
ID00588927,20200102,AMCI02,PT.ACE MULTITRANS CARGO,SEOWON,JKT,JKT,PUS,PUS,P,2
TH00555324,20200102,AMTI09,AMATA INTERFREIGHT CO., LTD.,TEP PHANICH CO.,LTD.,BKK,BKK,HKG,HKG,P,2
TH00555421,20200102,AMTI09,AMATA INTERFREIGHT CO., LTD.,CHIEM PATANA TEXTILES,BKK,BKK,INC,INC,P,2
TH00555420,20200102,AMTI09,AMATA INTERFREIGHT CO., LTD.,CHIEM PATANA TEXTILES,BKK,BKK,INC,INC,P,2
TH00555423,20200102,AMTI09,AMATA INTERFREIGHT CO., LTD.,CHIEM PATANA TEXTILES,BKK,BKK,PUS,PUS,P,1
TH00555362,20200102,AMTI09,AMATA INTERFREIGHT CO., LTD.,THAI HUA RAYONG,LCH,LCH,TAO,TAO,P,10
TH00555533,20200102,AMTI09,AMATA INTERFREIGHT CO., LTD.,VON BUNDIT,LCH,LCH,TAO,TAO,P,10
TH00555352,20200102,AMTI09,AMATA INTERFREIGHT CO., LTD.,THAI HUA RAYONG,LCH,LCH,TAO,TAO,P,10
TH00555532,20200102,AMTI09,AMATA INTERFREIGHT CO., LTD.,VON BUNDIT,LCH,LCH,TAO,TAO,P,10
TH00555524,20200102,AMTI09,AMATA INTERFREIGHT CO., LTD.,VON BUNDIT,LCH,LCH,TAO,TAO,P,10
VN00519377,20200102,ANTV23,ANT LOGISTICS CO.,LTD,,SGN,SGN,SHA,SHA,P,2
TH00555386,20200102,APM03T,KERRY-APEX (THAILAND) CO.,LTD.,TOP BOUTIQUE,BKK,BKK,SHA,SHA,P,4
IN00236471,20200102,AS1207,ANUBHAV SHIPPING AGENCIES PVT LTD,CHINUBHAI KALIDAS & BROS,AMD,MUN,NBO,NBO,P,2
MY00375781,20200102,ASBM20,ASASRAMA SDN BHD,ASASRAMA SDN BHD,PKG,PKG,SHA,SHA,P,2
MY00375925,20200102,ASBM20,ASASRAMA SDN BHD,ASASRAMA SDN BHD,PKG,PKG,TAO,TAO,P,4
MY00375787,20200102,ASLM04,A-SONIC LOGISTICS (MALAYSIA) SDN BHD,A-SONIC LOGISTICS (MALAYSIA) S,PKW,PKW,HKG,HKG,P,12
VN00519154,20200102,ASLV07,AS LOGISTICS,,SGN,SGN,SHA,SHA,P,2
VN00519139,20200102,AVNV00,AVINALOGISTICS VIETNAM,,HPH,HPH,INC,INC,C,1
TH00555482,20200102,B1S01T,BE 1ST ALLIANCE CO.,LTD.,STY? FRUITS? EXPORT,LCH,LCH,TAO,TAO,P,4
IN00236493,20200102,BB0103,BLUE BIRD CARGO PRIVATE LIMITED,BLUE BIRD CARGO P,DRI,MUN,MIP,MIP,P,1
VN00519152,20200102,BCLV06,BOLCO CO.,LTD (HANOI) ,,HPH,HPH,INC,INC,C,2
VN00519274,20200102,BEEV01,BEE LOGISTICS CORPORATION,,SGN,SGN,BKK,BKK,P,3
VN00519342,20200102,BEEV01,BEE LOGISTICS CORPORATION,,SGN,SGN,BKK,BKK,P,1
VN00519192,20200102,BEEV01,BEE LOGISTICS CORPORATION,,SGN,SGN,BKK,BKK,P,1
ID00588908,20200102,BFWI01,PT.BAKHTERA FREIGHT WORLDWIDE,CRBINC,JKT,JKT,INC,INC,C,2
ID00588909,20200102,BFWI01,PT.BAKHTERA FREIGHT WORLDWIDE,CRBINC,JKT,JKT,INC,INC,C,2
ID00588910,20200102,BFWI01,PT.BAKHTERA FREIGHT WORLDWIDE,CRBINC,JKT,JKT,INC,INC,C,2
ID00588913,20200102,BFWI01,PT.BAKHTERA FREIGHT WORLDWIDE,CRBINC,JKT,JKT,INC,INC,C,2
ID00588916,20200102,BFWI01,PT.BAKHTERA FREIGHT WORLDWIDE,CRBINC,JKT,JKT,INC,INC,C,2
HK01069650,20200102,BHKH08,BESCON HONG KONG CO., LTD.,BESCON HONG KONG CO., LTD.,HKG,HKG,KAN,KAN,C,1
ID00589062,20200102,BIII00,PT BENTOEL PRIMA,4904-0107-912.024,SUB,SUB,PNC,PNC,P,6
ID00589069,20200102,BIII00,PT BENTOEL PRIMA,4904-0107-001.011,SUB,SUB,PNC,PNC,P,6
ID00589071,20200102,BIII00,PT BENTOEL PRIMA,4904-0107-001.012,SUB,SUB,PNC,PNC,P,6
ID00589065,20200102,BIII00,PT BENTOEL PRIMA,4904-0107-912.025,SUB,SUB,PNC,PNC,P,6
ID00589073,20200102,BIII00,PT BENTOEL PRIMA,4904-0107-001.013,SUB,SUB,PUS,PUS,P,2
TH00555466,20200102,BIR03T,ADITYA BIRLA CHEMICALS (THAILAND) LTD. (BRANCH 0008),INDO-THAI SYNTHETICS CO.,LTD.,BKK,BKK,INC,INC,P,2
TH00555465,20200102,BIR03T,ADITYA BIRLA CHEMICALS (THAILAND) LTD. (BRANCH 0008),INDO-THAI SYNTHETICS CO.,LTD.,BKK,BKK,INC,INC,P,2
HK01069372,20200102,BLGZ01,BRILLIANT LOGISTICS CO.,LTD,BRILLIANT LOGISTICS CO., LTD.,JMN,JMN,BKK,BKK,P,2
VN00519208,20200102,BLLV01,BINH PHUONG LE LOGISTICS AND TRADING CO., LTD,,SGN,SGN,BKK,BKK,P,12
VN00519050,20200102,BLSV00,BLS VIET NAM CO.,LTD,,SGN,SGN,PUS,PUS,P,2
MY00375815,20200102,BMSM11,BDP (MALAYSIA) SDN BHD,STEELCASE MANUFACTURING,PKW,PKW,MIP,MIP,P,1
MY00375971,20200102,BMSM11,BDP (MALAYSIA) SDN BHD,KERRY INGREDIENTS (M) SDN BHD,PKW,PKW,PNC,PNC,P,1
MY00375970,20200102,BMSM11,BDP (MALAYSIA) SDN BHD,KERRY INGREDIENTS (M) SDN BHD,PKW,PKW,UKB,UKB,P,1
IN00236476,20200102,BN0100,BNX SHIPPING PVT LTD.,BNX SHIPPING PVT LTD,NSA,NSA,PNC,PNC,C,2
VN00519102,20200102,BNXV10,BNX SHIPPING CO., LTD (HCM BRANCH),BNXHCM,SGN,SGN,INC,INC,C,1
VN00519369,20200102,BNXV10,BNX SHIPPING CO., LTD (HCM BRANCH),BNXHCM,SGN,SGN,INC,INC,C,2
VN00519293,20200102,BSLV02,BRIGHT STAR LOGISTICS CO.,LTD,,SGN,SGN,INC,INC,P,2
VN00519051,20200102,BSLV02,BRIGHT STAR LOGISTICS CO.,LTD,,SGN,SGN,PUS,PUS,P,2
VN00519086,20200102,BVCV02,BACH VIET SHIPPING CO.,LTD HANOI,,HPH,HPH,SMN,SMN,P,2
SG00262118,20200102,CAPS14,CONFER AGENCY PTE LTD,CONFER,SIN,SIN,JKT,JKT,P,40
SG00262119,20200102,CAPS14,CONFER AGENCY PTE LTD,CONFER,SIN,SIN,JKT,JKT,P,40
SG00262127,20200102,CAPS14,CONFER AGENCY PTE LTD,CONFER,SIN,SIN,KHI,KHI,P,2
VN00519127,20200102,CCCV03,CARGO RUSH INTERNATIONAL CO., LTD O/B OF,,SGN,SGN,LCH,LCH,P,2
MY00375821,20200102,CCF000,COCON FOOD INDUSTRIES SDN BHD,COCON FOOD INDUSTRIES SDN BHD,PEN,PEN,VVO,VVO,C,2
MY00375822,20200102,CCF000,COCON FOOD INDUSTRIES SDN BHD,COCON FOOD INDUSTRIES SDN BHD,PEN,PEN,VVO,VVO,C,2
HK01069443,20200102,CCLH45,C&C GLOBAL LOGISTICS CO.,LTD,C&C GLOBAL LOGISTICS CO LTD,HKG,HKG,INC,INC,P,1
MY00375877,20200102,CCSM10,COSMO SCM SDN BHD,COSMO SCM SDB BHD,PEN,PEN,INC,INC,C,1
MY00375803,20200102,CECO01,CENTRAL CONTINENT SDN BHD,TECHNOLOGY PP,PEN,PEN,NBO,NBO,P,24
MY00375923,20200102,CECO01,CENTRAL CONTINENT SDN BHD,N.S UNIGLOVES SDN BHD,PKG,PKG,SHA,SHA,P,2
MY00375922,20200102,CECO01,CENTRAL CONTINENT SDN BHD,N.S UNIGLOVES SDN BHD,PKG,PKG,SHA,SHA,P,2
HK01069489,20200102,CEGZ01,COREANA EXPRESS LTD-GUANGZHOU BRANCH,COREANA,HUA,HUA,INC,INC,C,1
HK01069637,20200102,CEGZ01,COREANA EXPRESS LTD-GUANGZHOU BRANCH,COREANAGZ,XON,XON,INC,INC,C,1
HK01069591,20200102,CELH03,COREANA EXPRESS LTD,COREANA,HKG,HKG,INC,INC,P,1
HK01069393,20200102,CELH03,COREANA EXPRESS LTD,COREANA EXPRESS LTD.,HKG,HKG,PUS,PUS,P,2
IN00236468,20200102,CF8401,CRYSTAL SHIPPING CO. PVT. LTD.,CRYSTAL SHIPPING CO.PVT.LTD.,BDM,MUN,KHI,KHI,P,2
SG00262089,20200102,CGPS01,CWT GLOBELINK PTE LTD,CWT GLOBELINK PTE LTD ,SIN,SIN,PNC,PNC,C,1
SG00262087,20200102,CGPS01,CWT GLOBELINK PTE LTD,CWT GLOBELINK PTE LTD ,SIN,SIN,PNC,PNC,C,4
ID00589097,20200102,CGXI00,PT.CJ LOGISTICS INDONESIA ,PT. MIWON INDONESIA,SUB,SUB,SMZ,SMZ,P,1
IN00236452,20200102,CH0106,CHAKIAT AGENCIES ,RAVALI SPINNERS PVT LTD,VTZ,VTZ,PNC,PNC,P,2
MY00375919,20200102,CHRM01,CHIP HONG RUBBER SDN BHD,CHIP HONG RUBBER SDN BHD,PGU,PGU,PNC,PNC,C,1
HK01069584,20200102,CIGZ02,GUANGZHOU CENTER INTERNATIONAL LOGISTICS CO.,LTD,GUANGZHOU CENTER INT'L LOGISTI,HUA,HUA,PUS,PUS,P,1
MY00375797,20200102,CISB01,CARE INTL' FREIGHT S/B,GT,PKW,PKW,HKG,HKG,P,1
HK01069573,20200102,CJGZ04,GUANGZHOU CHEN JIE INTERNATIONAL LOGISTICS LTD,CHENJIE ,HUA,HUA,LCH,LCH,P,2
HK01069644,20200102,CJGZ04,GUANGZHOU CHEN JIE INTERNATIONAL LOGISTICS LTD,CHENJIE ,HUA,HUA,SGN,SGN,P,1
HK01069471,20200102,CJGZ04,GUANGZHOU CHEN JIE INTERNATIONAL LOGISTICS LTD,CHENJIE ,NNS,NNS,MAA,MAA,P,2
VN00519151,20200102,CJKV01,CJKOREA,,SGN,SGN,INC,INC,C,1
VN00519217,20200102,CJKV01,CJKOREA,,SGN,SGN,KIJ,KIJ,P,2
VN00519221,20200102,CJKV01,CJKOREA,,SGN,SGN,KIJ,KIJ,P,1
IN00236470,20200102,CK1701,CHINUBHAI KALIDASS & BROS,A B IMPEX,MUN,MUN,YOK,YOK,P,1
HK01069421,20200102,CLHH15,CEVA LOGISTICS HONG KONG LTD.,CEVA LOGISTICS HONGKONG LIMITE,HKG,HKG,LCH,LCH,P,2
HK01069423,20200102,CLHH15,CEVA LOGISTICS HONG KONG LTD.,CEVA LOGISTICS HONGKONG LIMITE,HKG,HKG,LCH,LCH,P,2
SG00262061,20200102,CLPL00,CEVA LOGISTICS SINGAPORE PTE LTD,CEVA LOGISTICS SINGAPORE PTE L,SIN,SIN,JKT,JKT,P,2
SG00262062,20200102,CLPL00,CEVA LOGISTICS SINGAPORE PTE LTD,CEVA LOGISTICS SINGAPORE PTE L,SIN,SIN,JKT,JKT,P,2
IN00236545,20200102,CM1702,CARGOTRANS MARITIME PVT. LTD  ,R K IMPEX ,MUN,MUN,KEL,KEL,P,1
SG00262121,20200102,CMSS08,CMS LOGISTICS GROUP (S) PTE LTD,CMS LOGISTICS GROUP SINGAPORE ,SIN,SIN,MNL,MNL,P,1
SG00262122,20200102,CMSS08,CMS LOGISTICS GROUP (S) PTE LTD,CMS LOGISTICS GROUP SINGAPORE ,SIN,SIN,MNL,MNL,P,1
SG00262126,20200102,CMSS08,CMS LOGISTICS GROUP (S) PTE LTD,CMS LOGISTICS GROUP SINGAPORE ,SIN,SIN,MNL,MNL,P,1
SG00262124,20200102,CMSS08,CMS LOGISTICS GROUP (S) PTE LTD,CMS LOGISTICS GROUP SINGAPORE ,SIN,SIN,MNL,MNL,P,1
TH00555365,20200102,CPI01T,C.P.INTERTRADE CO LTD,FITESACNC CO.,LTD.,LCH,LCH,JKT,JKT,P,4
HK01069387,20200102,CPLH13,CARGO PARTNER LOGISTICS LIMITED,CARGO-PARTNER LOGISTICS LTD,HKG,HKG,INC,INC,C,4
HK01069536,20200102,CPWH01,C P WORLD LIMITED,CP WORLD LTD,HKG,HKG,PKG,PKG,P,1
MY00375875,20200102,CPWM03,C P WORLD (PORT KLANG) SDN BHD,CP WORLD,PKG,PKG,PNC,PNC,C,1
HK01069511,20200102,CSFH02,CARGO SERVICES FAR EAST LTD,CARGO SERVICES,HKG,HKG,HPH,HPH,P,1
MY00375789,20200102,CSFM03,CEG SEA FREIGHT SERVICE PTE LTD,HOCK HIN,PKW,PKW,TAO,TAO,P,10
MY00375836,20200102,CSFM03,CEG SEA FREIGHT SERVICE PTE LTD,LEE RUBBER,PKW,PKW,TAO,TAO,P,2
MY00375786,20200102,CSFM03,CEG SEA FREIGHT SERVICE PTE LTD,HOCK HIN,PKW,PKW,TAO,TAO,P,10
HK01069623,20200102,CSGZ03,CYBER SHIPPING LIMITED,CYBER SHIPPING LTD,LIH,LIH,INC,INC,P,1
HK01069496,20200102,CSGZ03,CYBER SHIPPING LIMITED,CYBER SHIPPING LTD,NNS,NNS,PTK,PTK,P,5
HK01069502,20200102,CSGZ03,CYBER SHIPPING LIMITED,CYBER SHIPPING LTD,NNS,NNS,PUS,PUS,P,1
HK01069647,20200102,CTGZ00,CHINATRANS INTERNATIONAL LIMITED,GUANGZHOU OFFICE,CNTRANS,GGL,GGL,SOH,SOH,P,2
HK01069402,20200102,DACH03,DONGNAM LOGISTICS LTD,DONGNAM LOGISTICS LTD.,HKG,HKG,HPH,HPH,P,2
HK01069399,20200102,DACH03,DONGNAM LOGISTICS LTD,DONGNAM LOGISTICS LTD.,HKG,HKG,HPH,HPH,P,1
HK01069499,20200102,DACH03,DONGNAM LOGISTICS LTD,DONGNAM LOGISTICS LTD.,HKG,HKG,HPH,HPH,P,2
VN00519288,20200102,DAJV05,DAIJIN EXPRESS VIETNAM,JADEM,HPH,HPH,INC,INC,C,6
ID00589098,20200102,DAS099,PT.DAS CARGO,1,SUB,SUB,MNL,MNL,P,2
VN00519080,20200102,DDIV01,DAI DONG LOGISTICS CO., LTD,,SGN,SGN,INC,INC,P,1
VN00519049,20200102,DDIV01,DAI DONG LOGISTICS CO., LTD,,SGN,SGN,PUS,PUS,P,1
VN00519046,20200102,DDIV01,DAI DONG LOGISTICS CO., LTD,,SGN,SGN,PUS,PUS,P,2
VN00519156,20200102,DDIV01,DAI DONG LOGISTICS CO., LTD,,SGN,SGN,SHA,SHA,P,5
VN00519200,20200102,DDIV01,DAI DONG LOGISTICS CO., LTD,,SGN,SGN,UKB,UKB,P,6
VN00519081,20200102,DELV03,DELTA INTERNATIONAL CO., LTD ? HEAD OFFICE,,HPH,HPH,INC,INC,P,1
ID00589052,20200102,DEXI05,PT.DELTA EXPRESS,MASTER,SUB,SUB,KAN,KAN,P,4
TH00555229,20200102,DFT003,DEFENG SHIPPING & LOGISTICS CO.,LTD.,DEFENG,LCH,LCH,HKG,HKG,P,2
TH00555234,20200102,DFT003,DEFENG SHIPPING & LOGISTICS CO.,LTD.,DEFENG,LCH,LCH,HKG,HKG,P,2
TH00555233,20200102,DFT003,DEFENG SHIPPING & LOGISTICS CO.,LTD.,DEFENG,LCH,LCH,HKG,HKG,P,2
VN00519380,20200102,DGSV01,DGS LOGISTICS CO.,LTD,,SGN,SGN,INC,INC,P,4
HK01069487,20200102,DHGZ01,DHL GLOBAL FORWARDING(CHINA)CO.LTD GUANGZHOU BRANCH,DHL GLOBAL FORWARDING (CHINA) ,HUA,HUA,PUS,PUS,C,1
TH00555515,20200102,DHL02T,DHL GLOBAL FORWARDING (THAILAND) LTD.,INGREDION (THAILAND) CO.,LTD.,LCH,LCH,HIJ,HIJ,P,1
TH00555512,20200102,DHL02T,DHL GLOBAL FORWARDING (THAILAND) LTD.,INGREDION (THAILAND) CO.,LTD.,LCH,LCH,HIJ,HIJ,P,3
TH00555508,20200102,DHL02T,DHL GLOBAL FORWARDING (THAILAND) LTD.,INGREDION (THAILAND) CO.,LTD.,LCH,LCH,HIJ,HIJ,P,2
TH00555509,20200102,DHL02T,DHL GLOBAL FORWARDING (THAILAND) LTD.,INGREDION (THAILAND) CO.,LTD.,LCH,LCH,HIJ,HIJ,P,2
TH00555505,20200102,DHL02T,DHL GLOBAL FORWARDING (THAILAND) LTD.,INGREDION (THAILAND) CO.,LTD.,LCH,LCH,SIN,SIN,P,1
TH00555433,20200102,DHL02T,DHL GLOBAL FORWARDING (THAILAND) LTD.,INGREDION (THAILAND) CO.,LTD.,LCH,LCH,YOK,YOK,P,1
TH00555487,20200102,DHL02T,DHL GLOBAL FORWARDING (THAILAND) LTD.,INGREDION (THAILAND) CO.,LTD.,LCH,LCH,YOK,YOK,P,1
TH00555495,20200102,DHL02T,DHL GLOBAL FORWARDING (THAILAND) LTD.,INGREDION (THAILAND) CO.,LTD.,LCH,LCH,YOK,YOK,P,1
TH00555435,20200102,DHL02T,DHL GLOBAL FORWARDING (THAILAND) LTD.,INGREDION (THAILAND) CO.,LTD.,LCH,LCH,YOK,YOK,P,1
TH00555492,20200102,DHL02T,DHL GLOBAL FORWARDING (THAILAND) LTD.,INGREDION (THAILAND) CO.,LTD.,LCH,LCH,YOK,YOK,P,1
TH00555498,20200102,DHL02T,DHL GLOBAL FORWARDING (THAILAND) LTD.,INGREDION (THAILAND) CO.,LTD.,LCH,LCH,YOK,YOK,P,1
TH00555490,20200102,DHL02T,DHL GLOBAL FORWARDING (THAILAND) LTD.,INGREDION (THAILAND) CO.,LTD.,LCH,LCH,YOK,YOK,P,1
TH00555494,20200102,DHL02T,DHL GLOBAL FORWARDING (THAILAND) LTD.,INGREDION (THAILAND) CO.,LTD.,LCH,LCH,YOK,YOK,P,1
IN00236544,20200102,DIV00I,DIVYA SHIPPING & CLEARING SERVICES PVT LTD,SAGAR MANUFACTURERS PVT LTD,NSA,NSA,PNC,PNC,P,2
IN00236531,20200102,DIV701,DIVYA SHIPPING & CLEARING SERVICES PVT LTD,BALKRISHNA,PTI,MUN,SHA,SHA,P,1
IN00236513,20200102,DIV701,DIVYA SHIPPING & CLEARING SERVICES PVT LTD,BALKRISHNA,PTI,MUN,SIN,SIN,P,2
HK01069490,20200102,DLGZ01,DONGNAM LOGISTICS LTD,DONGNAM LOGISTICS LTD,SSN,SSN,INC,INC,P,2
HK01069539,20200102,DLXH07,DHL GLOBAL FORWARDING (HK) LTD,DHL GLOBAL FORWARDING (HK) LTD,HKG,HKG,MAA,MAA,P,1
VN00519284,20200102,DMLV03,TOAN NGUYEN (DUONG MINH),,SGN,SGN,SHA,SHA,P,2
VN00519211,20200102,DMLV03,TOAN NGUYEN (DUONG MINH),,SGN,SGN,SHK,SHK,P,2
VN00519054,20200102,DMLV03,TOAN NGUYEN (DUONG MINH),,SGN,SGN,SHK,SHK,P,2
TH00555304,20200102,DOW02T,DOW CHEMICAL THAILAND LTD ,SIAM SYNTHETIC LATEX CO.,LTD,LCH,LCH,HZR,HZR,P,4
TH00555419,20200102,DOW02T,DOW CHEMICAL THAILAND LTD ,SIAM SYNTHETIC LATEX CO.,LTD.,LCH,LCH,SHA,SHA,P,2
TH00555391,20200102,DOW02T,DOW CHEMICAL THAILAND LTD ,SIAM SYNTHETIC LATEX CO.,LTD.,LCH,LCH,SHA,SHA,P,4
TH00555380,20200102,DOW02T,DOW CHEMICAL THAILAND LTD ,SIAM POLETHYLENE,LCH,LCH,TKY,TKY,P,2
TH00555320,20200102,DOW02T,DOW CHEMICAL THAILAND LTD ,SIAM SYNTHETIC LATEX CO.,LTD.,LCH,LCH,XMN,XMN,P,4
TH00555308,20200102,DOW02T,DOW CHEMICAL THAILAND LTD ,SIAM SYNTHETIC LATEX CO.,LTD.,LCH,LCH,XMN,XMN,P,4
VN00519333,20200102,DPLV00,DA PHUONG LOGISTICS AND SHIPPING SERVICES COMPANY LIMITED,,SGN,SGN,INC,INC,P,1
ID00589008,20200102,DTLI05,PT.DUNIA TRANSPORTASI LOGISTIK,PT GAYA INDAH,JKT,JKT,INC,INC,P,2
VN00519235,20200102,DTRV01,DAU TIENG RUBBER CORPORATION,,SGN,SGN,PUS,PUS,C,3
VN00519115,20200102,DTTV12,DONG TAI GLOBAL LOGISTICS AND TRADING CO.,LTD,,HPH,HPH,INC,INC,C,2
VN00519121,20200102,DTTV12,DONG TAI GLOBAL LOGISTICS AND TRADING CO.,LTD,,HPH,HPH,INC,INC,C,1
VN00519382,20200102,DTTV12,DONG TAI GLOBAL LOGISTICS AND TRADING CO.,LTD,,HPH,HPH,INC,INC,C,1
VN00519384,20200102,DTTV12,DONG TAI GLOBAL LOGISTICS AND TRADING CO.,LTD,,HPH,HPH,INC,INC,C,1
VN00519385,20200102,DTTV12,DONG TAI GLOBAL LOGISTICS AND TRADING CO.,LTD,,HPH,HPH,INC,INC,C,2
VN00519386,20200102,DTTV12,DONG TAI GLOBAL LOGISTICS AND TRADING CO.,LTD,,HPH,HPH,INC,INC,C,1
VN00519387,20200102,DTTV12,DONG TAI GLOBAL LOGISTICS AND TRADING CO.,LTD,,HPH,HPH,INC,INC,C,1
VN00519389,20200102,DTTV12,DONG TAI GLOBAL LOGISTICS AND TRADING CO.,LTD,,HPH,HPH,INC,INC,C,1
VN00519390,20200102,DTTV12,DONG TAI GLOBAL LOGISTICS AND TRADING CO.,LTD,,HPH,HPH,INC,INC,C,1
HK01069550,20200102,DWLH00,DONG WOO LOGISTICS LTD,DONG WOO LOGISTICS LIMITED,HKG,HKG,INC,INC,P,1
HK01069514,20200102,ECGZ00,E-CARGOWAY LOGISTICS CO.,LTD GUANGZHOU BRANCH,E-CARGOWAY GZ,NSN,NSN,HPH,HPH,P,2
TH00555467,20200102,ECU01T,ECU WORLDWIDE (THAILAND) CO.,LTD. ,ECU WORLDWIDE (THAILAND) CO.,L,BKK,BKK,INC,INC,C,1
TH00555472,20200102,ECU01T,ECU WORLDWIDE (THAILAND) CO.,LTD. ,ECU WORLDWIDE (THAILAND) CO.,L,BKK,BKK,INC,INC,C,1
TH00555470,20200102,ECU01T,ECU WORLDWIDE (THAILAND) CO.,LTD. ,ECU WORLDWIDE (THAILAND) CO.,L,BKK,BKK,INC,INC,C,1
ID00589109,20200102,ECUI00,PT.ECU WORLDWIDE,ECUSUB,SUB,SUB,HKG,HKG,P,2
ID00589113,20200102,ECUI00,PT.ECU WORLDWIDE,ECUSUB,SUB,SUB,PNC,PNC,P,2
ID00589112,20200102,ECUI00,PT.ECU WORLDWIDE,ECUSUB,SUB,SUB,PNC,PNC,P,2
VN00519322,20200102,ECWV01,E-CARGOWAY LOGISTICS,,SGN,SGN,INC,INC,P,1
TH00555388,20200102,EDY04T,DYNAMIC INTERTRANSPORT CO.,LTD. ,FRUIT ORGANIC,BKK,BKK,HKG,HKG,P,1
TH00555432,20200102,EDY04T,DYNAMIC INTERTRANSPORT CO.,LTD. ,FRUIT ORGANIC,BKK,BKK,NBO,NBO,P,2
ID00588920,20200102,EGLI03,PT.EAST GLOBAL LOGIX,EGL,JKT,JKT,INC,INC,C,2
HK01069636,20200102,EHGZ01,EVER HARVEST SHIPPING LTD.,EVER HARVEST,ZSN,ZSN,HPH,HPH,P,1
HK01069608,20200102,EHGZ01,EVER HARVEST SHIPPING LTD.,EVER HARVEST,ZSN,ZSN,SGN,SGN,P,3
HK01069538,20200102,ELGZ05,EASY LINK INT'L LOGISTICS (SHENZHEN) CO.,LTD,EASY LINK INT'L LOGISTICS (SHE,HUD,HUD,JKT,JKT,P,1
HK01069572,20200102,ELIH03,EVERLITE INTERNATIONAL (HK) LTD,EVERLITE,HKG,HKG,JKT,JKT,P,1
SG00262141,20200102,ELSS03,ECU-WORLDWIDE (SINGAPORE) PTE LTD,SMC,SIN,SIN,PNC,PNC,P,1
MY00375812,20200102,ENCM01,E & C MARINE PTE LTD,E&C MARINE PTE LTD,PGU,PGU,PNC,PNC,C,4
MY00375811,20200102,ENCM01,E & C MARINE PTE LTD,E&C MARINE PTE LTD,PGU,PGU,PNC,PNC,C,1
SG00262103,20200102,ESPS11,EXPEDITORS SINGAPORE PTE LTD,EXPEDITORS SINGAPORE,SIN,SIN,PUS,PUS,C,2
SG00262100,20200102,ESPS11,EXPEDITORS SINGAPORE PTE LTD,EXPEDITORS SINGAPORE,SIN,SIN,PUS,PUS,C,2
SG00262102,20200102,ESPS11,EXPEDITORS SINGAPORE PTE LTD,EXPEDITORS SINGAPORE ,SIN,SIN,PUS,PUS,P,2
SG00262106,20200102,ESPS11,EXPEDITORS SINGAPORE PTE LTD,EXPEDITORS SINGAPORE,SIN,SIN,PUS,PUS,P,2
SG00262101,20200102,ESPS11,EXPEDITORS SINGAPORE PTE LTD,EXPEDITORS SINGAPORE,SIN,SIN,PUS,PUS,P,2
ID00589053,20200102,ETCI00,PT EUROTRANS LOGISTIK INDONESIA,PT. ASPIRASI INTI SOLUSI,JKT,JKT,SHA,SHA,P,1
HK01069420,20200102,ETGZ11,EVERTOP SHIPPING LTD,YIYANG HUACHANG LIMITED,HUA,HUA,HZR,HZR,P,1
TH00555367,20200102,EXP02T,EXPEDITORS (THAILAND) LTD. ,UCHIMURA (THAILAND) CO.,LTD.,LCH,LCH,KNZ,KNZ,C,1
ID00588966,20200102,EZEI01,PT. ESA ZONA EKSPRES,PT. SEALINE,SUB,SUB,INC,INC,P,1
ID00589084,20200102,FAFI01,PT.FORIN TRANSBUANA LOGISTICS,-,SUB,SUB,HKG,HKG,P,1
ID00589068,20200102,FAFI01,PT.FORIN TRANSBUANA LOGISTICS,-,SUB,SUB,PUS,PUS,P,1
MY00375890,20200102,FAMM00,FA SHIPPING (M) SDN BHD,VITAL TECHNICAL,PKG,PKG,HKG,HKG,P,1
VN00519172,20200102,FCLV05,FOCUS LOGIX,,SGN,SGN,INC,INC,C,1
VN00519027,20200102,FCLV05,FOCUS LOGIX,,SGN,SGN,PUS,PUS,C,2
ID00588981,20200102,FEII05,PT.FREIGHT EXPRESS INDONESIA,PT. ALPHA GEMILANG SEJAHTERA,BLW,BLW,INC,INC,P,2
ID00589102,20200102,FEXI00,PT.FIRSTINDO EXPRESS,PT. FIRSTINDO EXPRESS,JKT,JKT,HPH,HPH,P,1
ID00588945,20200102,FGLI08,PT.FM GLOBAL LOGISTICS,123,JKT,JKT,PNC,PNC,P,2
ID00588941,20200102,FGLI08,PT.FM GLOBAL LOGISTICS,123,JKT,JKT,PNC,PNC,P,2
ID00588948,20200102,FGLI08,PT.FM GLOBAL LOGISTICS,123,JKT,JKT,PNC,PNC,P,2
ID00588950,20200102,FGLI08,PT.FM GLOBAL LOGISTICS,123,JKT,JKT,PNC,PNC,P,2
ID00588942,20200102,FGLI08,PT.FM GLOBAL LOGISTICS,123,JKT,JKT,PNC,PNC,P,2
ID00588935,20200102,FGLI08,PT.FM GLOBAL LOGISTICS,123,JKT,JKT,PNC,PNC,P,1
ID00588946,20200102,FGLI08,PT.FM GLOBAL LOGISTICS,123,JKT,JKT,PNC,PNC,P,2
VN00519064,20200102,FGSV01,FGS LOGISTICS CO.,LTD,,SGN,SGN,SHA,SHA,P,8
IN00236477,20200102,FJ0100,FORIN CONTAINER LINE ,FORIN CONTAINER LINE,KKU,MUN,INC,INC,P,1
IN00236478,20200102,FJ0100,FORIN CONTAINER LINE ,FORIN CONTAINER LINE,KKU,MUN,PNC,PNC,P,2
IN00236479,20200102,FJ0100,FORIN CONTAINER LINE ,FORIN CONTAINER LINE,KKU,MUN,PNC,PNC,P,2
HK01069391,20200102,FLGZ01,FREGATE LOGISTICS£¨SHENZHEN) CO., LTD,FREGATE LOGISTICS (SHENZHEN) C,XON,XON,HPH,HPH,P,3
ID00589045,20200102,FLII01,PT.FREIGHT LINER INDONESIA,-,JKT,JKT,SGN,SGN,P,10
ID00589047,20200102,FLII01,PT.FREIGHT LINER INDONESIA,-,JKT,JKT,SGN,SGN,P,1
HK01069646,20200102,FLLH15,FREGATE LOGISTICS LIMITED,FREGATE,HKG,HKG,SGN,SGN,P,1
MY00375884,20200102,FLMM04,PANTOS LOGISTICS MALAYSIA SDN BHD,KIBING ,PKW,PKW,KAN,KAN,C,14
MY00375881,20200102,FLMM04,PANTOS LOGISTICS MALAYSIA SDN BHD,SAMSUNG SDI,PKW,PKW,SHA,SHA,P,4
ID00589116,20200102,FLTI03,PT.FIN LOGISTICS,DIRECT MASTER,SUB,SUB,SGN,SGN,P,1
ID00588944,20200102,FMLI03,PT.FRIEDRICH MEYERS SOHN INDONESIA,-,SUB,SUB,SGN,SGN,P,4
ID00588951,20200102,FMLI03,PT.FRIEDRICH MEYERS SOHN INDONESIA,-,SUB,SUB,SGN,SGN,P,4
MY00375794,20200102,FMSM01,FM GLOBAL LOGISTICS (M) SDN BHD,ELEKTRISOLA,PKW,PKW,NGO,NGO,P,1
MY00375807,20200102,FMSM52,FR. MEYER'S SOHN (FAR EAST) PTE LTD,SENG HIN - 20474-H,PKW,PKW,TAO,TAO,P,10
MY00375806,20200102,FMSM52,FR. MEYER'S SOHN (FAR EAST) PTE LTD,SENG HIN - 20474-G,PKW,PKW,TAO,TAO,P,10
VN00519357,20200102,FMSV00,FORMOSA INDUSTRIES CORPORATION,,SGN,SGN,INC,INC,P,2
VN00519157,20200102,FMSV00,FORMOSA INDUSTRIES CORPORATION,,SGN,SGN,KAN,KAN,P,2
VN00519158,20200102,FMSV00,FORMOSA INDUSTRIES CORPORATION,,SGN,SGN,KAN,KAN,P,2
VN00519358,20200102,FMSV00,FORMOSA INDUSTRIES CORPORATION,,SGN,SGN,KAN,KAN,P,2
VN00519047,20200102,FMSV00,FORMOSA INDUSTRIES CORPORATION,,SGN,SGN,PUS,PUS,P,2
VN00519052,20200102,FMSV00,FORMOSA INDUSTRIES CORPORATION,,SGN,SGN,PUS,PUS,P,2
VN00519206,20200102,FMSV00,FORMOSA INDUSTRIES CORPORATION,,SGN,SGN,SHA,SHA,P,2
HK01069394,20200102,FPSH03,FAMOUS PACIFIC SHIPPING (HK) LTD.,FPS,HKG,HKG,INC,INC,P,1
ID00588943,20200102,FPSI04,PT.FPS INDONESIA,,JKT,JKT,SHA,SHA,P,6
SG00262107,20200102,FSAS01,FARWIDE SHIPPING AGENCIES (2013) PTE LTD,FARWIDE,SIN,SIN,KPO,KPO,P,9
HK01069519,20200102,FTGZ01,SHENZHEN FULL-TRANS LOGISTICS CO.,LTD,FULL-TRANS,HUA,HUA,BKK,BKK,P,2
HK01069517,20200102,FTGZ01,SHENZHEN FULL-TRANS LOGISTICS CO.,LTD,FULL-TRANS,NNS,NNS,BKK,BKK,P,1
HK01069461,20200102,FTGZ01,SHENZHEN FULL-TRANS LOGISTICS CO.,LTD,FULL-TRANS,NNS,NNS,INC,INC,P,2
HK01069388,20200102,FTGZ01,SHENZHEN FULL-TRANS LOGISTICS CO.,LTD,FULL-TRANS,NNS,NNS,KAN,KAN,P,2
HK01069395,20200102,FTGZ01,SHENZHEN FULL-TRANS LOGISTICS CO.,LTD,FULL-TRANS,NNS,NNS,PUS,PUS,P,1
HK01069556,20200102,FTGZ01,SHENZHEN FULL-TRANS LOGISTICS CO.,LTD,FULL-TRANS,NNS,NNS,VTZ,VTZ,P,2
VN00519360,20200102,GABV01,G&B VIET NAM JSC.,,HPH,HPH,SHK,SHK,P,1
HK01069409,20200102,GBLH00,GOLDEN BRIDGE LOGISTICS LTD.,GOLDEN BRIDGE LOGISTICS LTD,HKG,HKG,PUS,PUS,C,20
ID00589088,20200102,GEII02,PT.GALAXY EXPRESS INTERNATIONAL,PT MULTI SPUNINDO JAYA,SUB,SUB,OSA,OSA,P,1
ID00589091,20200102,GEII02,PT.GALAXY EXPRESS INTERNATIONAL,PT MULTI SPUNINDO JAYA,SUB,SUB,OSA,OSA,P,2
ID00589081,20200102,GEII02,PT.GALAXY EXPRESS INTERNATIONAL,PT MULTI SPUNINDO JAYA,SUB,SUB,TYO,TYO,P,2
ID00589083,20200102,GEII02,PT.GALAXY EXPRESS INTERNATIONAL,PT MULTI SPUNINDO JAYA,SUB,SUB,TYO,TYO,P,2
HK01069631,20200102,GFSH11,GOLDEN FORTUNE SHIPPING CO., LTD.,GOFORALICE,HKG,HKG,NBO,NBO,P,2
HK01069373,20200102,GFSH11,GOLDEN FORTUNE SHIPPING CO., LTD.,GOLDEN FORTUNE,HKG,HKG,TAO,TAO,P,6
HK01069507,20200102,GJGZ01,GUANGZHOU JUNGJIN LOGISTICS CO.,LTD.,JUNGJINGZ,HUA,HUA,BKK,BKK,P,4
IN00236540,20200102,GL0I01,GLOBAL LOGISTICS SOLUTIONS (INDIA) PVT. LTD.,GLOBAL LOGISTICS SOLUTION IND,NSA,NSA,PNC,PNC,P,1
HK01069563,20200102,GLGZ01,GIANT LOGISTICS LIMITED,GIANT LOGISTICS LTD,XON,XON,INC,INC,C,4
HK01069459,20200102,GLLH00,GOLD LEAP LIMITED.,GOLD LEAP LIMITED,HKG,HKG,PKG,PKG,P,4
TH00555459,20200102,GLO023,GLOVISION LOGISTICS CO., LTD. ,TC RUBBER ,LCH,LCH,INC,INC,C,2
TH00555263,20200102,GLO023,GLOVISION LOGISTICS CO., LTD. ,FRUIT 99,LCH,LCH,SHA,SHA,P,2
IN00236491,20200102,GLODEL,GLOBELINK WW INDIA PVT LTD,GLOBELINK WW INDIA PVT LTD,TKD,NSA,HKG,HKG,P,1
IN00236496,20200102,GO0108,GENESIS OVERSEAS,ADGUMS PVT LTD,AMD,MUN,PNC,PNC,P,1
IN00236525,20200102,GO1201,GLOBAL OCEAN LOGISTICS,KIRO,NSA,NSA,NBO,NBO,C,1
IN00236524,20200102,GO1201,GLOBAL OCEAN LOGISTICS,KIRO,NSA,NSA,NBO,NBO,C,1
VN00519074,20200102,GOLV05,GOLDEN OCEAN LINE LOGISTICS CO., LTD.,,HPH,HPH,INC,INC,P,1
IN00236536,20200102,GR0003,GRANDE SHIPPING & CHARTERING (I) PVT LTD,AL RUMANA AGRO COMMODITIES,MUN,MUN,PNC,PNC,P,1
IN00236543,20200102,GR0003,GRANDE SHIPPING & CHARTERING (I) PVT LTD,AL RUMANA AGRO COMMODITIES,MUN,MUN,PNC,PNC,P,1
TH00555226,20200102,GRAN10,GRANDLINK LOGISTICS CO.,LTD.,CALBEE TANAWAT CO.,LTD.,BKK,BKK,SHA,SHA,C,2
TH00555227,20200102,GRAN10,GRANDLINK LOGISTICS CO.,LTD.,CALBEE TANAWAT CO.,LTD.,BKK,BKK,SHK,SHK,C,2
TH00555457,20200102,GRAN10,GRANDLINK LOGISTICS CO.,LTD.,DAIKA,LCH,LCH,TYO,TYO,P,1
TH00555319,20200102,GRAN10,GRANDLINK LOGISTICS CO.,LTD.,DAIKA,LCH,LCH,TYO,TYO,P,1
TH00555458,20200102,GRAN10,GRANDLINK LOGISTICS CO.,LTD.,DAIKA,LCH,LCH,YOK,YOK,P,1
HK01069425,20200102,GRLH00,SHENZHEN GREAT RELIANCE LOGISTICS CO,.LTD,GREAT RELIANCE ,XON,XON,INC,INC,C,2
HK01069571,20200102,GSGH00,GS GLOBAL LOGISTICS CO LTD,GS GLOBAL,HKG,HKG,INC,INC,C,1
HK01069558,20200102,GSGZ03,GAIN SUCCESS OCEAN SHIPPING LOGISTICS AGENCY(G.D.) CO.,LTD.,GAIN SUCCESS OCEAN SHIPPING ,HUA,HUA,VTZ,VTZ,P,16
HK01069588,20200102,GSLH06,GREATEN SHIPPING AGENCY LIMITED,GREATEN SHIPPING AGENCY LTD.,HKG,HKG,PNC,PNC,P,2
VN00519100,20200102,GSLV04,GSLOGISTICS VIETNAM CO,GSLVN,SGN,SGN,INC,INC,C,2
VN00519309,20200102,GSLV04,GSLOGISTICS VIETNAM CO,GSLVN,SGN,SGN,INC,INC,C,2
VN00519101,20200102,GSLV04,GSLOGISTICS VIETNAM CO,GSLVN,SGN,SGN,INC,INC,C,2
ID00589079,20200102,GTNI05,PT. GLOBAL TRANSPORTASI ,GLOBAL,BDJ,BDJ,INC,INC,P,4
MY00375888,20200102,GWEM04,GREENWORLD EXPRESS LOGISTICS SDN BHD,HARMONY,PGU,PGU,HUA,HUA,P,1
VN00519088,20200102,HAOV01,HAOCANH PORCELAIN PRODUCTION AND TRADING CO.,LTD,,HPH,HPH,PUS,PUS,C,4
HK01069581,20200102,HBGZ01,SHANGHAI HANBONG INTERNATIONAL LOGISTICS CO LTD,SHANGHAI HANBONG INTERNATIONAL,BJO,BJO,INC,INC,C,2
HK01069529,20200102,HCLC00,HANSOL LOGISTICS (HONG KONG) CO LTD.,HANSOLHK,HKG,HKG,PNC,PNC,C,1
VN00519319,20200102,HCSV00,HACHI SERVICE CO., LTD,,SGN,SGN,NGO,NGO,P,1
SG00262108,20200102,HFFS05,H & FRIENDS GTL (SINGAPORE) PTE. LTD. ,H&FRIENDS GTL SG PTE LTD,SIN,SIN,INC,INC,C,1
HK01069508,20200102,HFGH03,H & FRIENDS GTL (HK) CO LIMITED.,H & FRIENDS GTL (H.K) CO.,LTD.,HKG,HKG,INC,INC,P,1
VN00519361,20200102,HFGV01,H & FRIENDS GTL VIETNAM CO., LTD,,SGN,SGN,INC,INC,P,1
VN00519168,20200102,HFGV01,H & FRIENDS GTL VIETNAM CO., LTD,,SGN,SGN,PUS,PUS,P,1
MY00375820,20200102,HFIM00,H & FRIENDS GTL (M) SDN. BHD.,H & FRIENDS,PEN,PEN,PUS,PUS,C,1
HK01069547,20200102,HFLL01,FM FREIGHT LOGISTICS LIMITED,FM FREIGHT,HKG,HKG,HPH,HPH,P,10
SG00262098,20200102,HFLS02,HOSANNA FREIGHT & LOGISTICS PTE LTD,HOSANNA FREIGHT & LOGISTICS,SIN,SIN,JEA,JEA,P,2
ID00589057,20200102,HFXI01,PT.HADEKA FEEDMILL,RAGA PUTRA,SUB,SUB,YAT,YAT,P,1
ID00589108,20200102,HHEI22,PT.HANKYU HANSHIN EXPRESS INDONESIA,HHEJKT-,JKT,JKT,MIP,MIP,P,1
HK01069383,20200102,HHKH04,HTNS HONG KONG CO LTD,HTNS,HKG,HKG,INC,INC,P,2
HK01069578,20200102,HHKH04,HTNS HONG KONG CO LTD,HTNS HONG KONG CO LTD,HKG,HKG,INC,INC,P,1
HK01069564,20200102,HHKH04,HTNS HONG KONG CO LTD,HTNS HONG KONG CO LTD,HKG,HKG,INC,INC,P,2
HK01069551,20200102,HHKH04,HTNS HONG KONG CO LTD,HTNS HONG KONG CO LTD,HKG,HKG,INC,INC,P,2
HK01069414,20200102,HIEH01,K LINE LOGISTICS (H.K.) LTD,K LINE LOGISTICS HK LTD,HKG,HKG,INC,INC,P,4
HK01069428,20200102,HITH01,HANKYU HANSHIN EXPRESS (HK) LTD,HANKYU HANSHIN EXPRESS,HKG,HKG,HPH,HPH,P,13
HK01069446,20200102,HITH01,HANKYU HANSHIN EXPRESS (HK) LTD,HANKYU HANSHIN EXPRESS (HK) LT,HKG,HKG,HPH,HPH,P,4
VN00519204,20200102,HJNV01,HANJIN CO.,LTD HAIPHONG OFFICE,,HPH,HPH,INC,INC,P,1
HK01069622,20200102,HKRC00,HONG KONG RICE COMPANY LIMITED,HONG KONG RICE COMPANY LIMITED,HKG,HKG,SGN,SGN,P,1
HK01069633,20200102,HLGZ00,GUANGZHOU HUILONG INTERNATIONAL FREIGHT CO.,LTD.,GZHUILONG,HUA,HUA,BKK,BKK,P,1
HK01069398,20200102,HLGZ01,GUANGZHOU HANS WORLD LOGISTICS CO.,LTD,GUANGZHOU HANS WORLD LOGISTICS,ROQ,ROQ,SGN,SGN,P,3
HK01069495,20200102,HLLH07,HIGHWAY LOGISTICS LIMITED,HIGHWAY LOGISTICS LIMITED,HKG,HKG,PKW,PKW,P,6
VN00519117,20200102,HLSV01,HL SHIPPING CO.,LTD,,SGN,SGN,ISI,ISI,P,1
VN00519118,20200102,HLSV01,HL SHIPPING CO.,LTD,,SGN,SGN,ISI,ISI,P,1
VN00519123,20200102,HLSV01,HL SHIPPING CO.,LTD,,SGN,SGN,ISI,ISI,P,1
VN00519125,20200102,HLSV01,HL SHIPPING CO.,LTD,,SGN,SGN,KIJ,KIJ,P,1
VN00519066,20200102,HLSV01,HL SHIPPING CO.,LTD,,SGN,SGN,SDJ,SDJ,P,2
VN00519124,20200102,HLSV01,HL SHIPPING CO.,LTD,,SGN,SGN,SDJ,SDJ,P,1
VN00519065,20200102,HLSV01,HL SHIPPING CO.,LTD,,SGN,SGN,SDJ,SDJ,P,2
VN00519205,20200102,HNTV03,HNT LOGISTICS & TRADING CO.,LTD,,SGN,SGN,XGG,XGG,P,4
HK01069418,20200102,HOMH01,HEAD OCEAN MARINE SERVICES LTD.,HEAD OCEAN,HKG,HKG,LCH,LCH,P,4
HK01069527,20200102,HOMH01,HEAD OCEAN MARINE SERVICES LTD.,HEAD OCEAN,HKG,HKG,NSA,NSA,P,10
HK01069436,20200102,HOMH01,HEAD OCEAN MARINE SERVICES LTD.,HEAD OCEAN,HKG,HKG,PUS,PUS,P,2
TH00555535,20200102,HONG54,HONGYUN SHIPPING CO., LTD.,168 COMPANY LIMITED,BKK,BKK,SHK,SHK,P,6
VN00519107,20200102,HQGV01,HQ GLS CO.,LTD C/O COREANA EXPRESS,HQ GLS CO.,LTD,SGN,SGN,INC,INC,P,2
VN00519084,20200102,HQGV01,HQ GLS CO.,LTD C/O COREANA EXPRESS,HQ GLS ,SGN,SGN,INC,INC,P,1
VN00519281,20200102,HQGV01,HQ GLS CO.,LTD C/O COREANA EXPRESS,HQ GLS ,SGN,SGN,PUS,PUS,P,1
SG00262070,20200102,HSPS15,HTNS SINGAPORE PTE LTD,HTNS,SIN,SIN,PKG,PKG,P,2
HK01069455,20200102,HTGZ12,HAI TRADER SUPPLY CHAIN (SHENZHEN) LIMITED.,HAI TRADER SUPPLY CHAIN(SHENZHEN)LIMITED,SJQ,SJQ,JEA,JEA,P,20
TH00555453,20200102,HTN02T,HTNS (THAILAND) CO.,LTD.,VON BUNDIT CO.,LTD.,LCH,LCH,INC,INC,C,1
VN00519220,20200102,HWHV01,HANS WORLD - HCM,,SGN,SGN,INC,INC,C,8
VN00519149,20200102,HWHV01,HANS WORLD - HCM,,SGN,SGN,INC,INC,C,4
HK01069369,20200102,HWLC05,HANS WORLD LOGISTICS CO LTD,HANSWHK,HKG,HKG,INC,INC,P,2
HK01069576,20200102,HWLC05,HANS WORLD LOGISTICS CO LTD,HANSWHK,HKG,HKG,INC,INC,C,2
HK01069376,20200102,HYGZ05,SHENZHEN HAIYUAN INTERNATIONAL LOGISTICS CO., LTD.,SHENZHEN HAIYUAN INTERNATIONAL,JIU,JIU,NGO,NGO,P,2
HK01069505,20200102,HYGZ05,SHENZHEN HAIYUAN INTERNATIONAL LOGISTICS CO., LTD.,SHENZHEN HAIYUAN INTERNATIONAL,XON,XON,PEN,PEN,P,1
HK01069486,20200102,HZGZ00,SHENZHEN HONG ZHOU INTERNATIONAL LOGISTICS CO LTD FOSHAN BRANCH,HONG ZHOU,SJQ,SJQ,INC,INC,P,1
IN00236490,20200102,IAL201,IAL LOGISTICS INDIA LTD,GOLCA TALC,KKU,MUN,LCH,LCH,P,11
ID00589046,20200102,IBTI00,PT.IRON BIRD TRANSPORT,SEAWAY BILL,SUB,SUB,OSA,OSA,P,2
SG00262116,20200102,IDKS15,PT INDAH KIAT PULP & PAPER TBK,9666040984,SIN,SIN,INC,INC,P,2
SG00262112,20200102,IDKS15,PT INDAH KIAT PULP & PAPER TBK,9666040983,SIN,SIN,KAN,KAN,P,36
SG00262114,20200102,IDKS15,PT INDAH KIAT PULP & PAPER TBK,9666040989,SIN,SIN,PUS,PUS,P,40
ID00589086,20200102,IFBI09,PT.INTERNATIONAL FREIGHT BRIDGE,PT. IFB INDONESIA,SUB,SUB,HKG,HKG,P,4
ID00588901,20200102,IFBI09,PT.INTERNATIONAL FREIGHT BRIDGE,PT. IFB INDONESIA,SUB,SUB,HPH,HPH,P,1
MY00375802,20200102,IFSM02,INTEROCEAN FREIGHT SERVICES SDN BHD,RADZEEY,PKW,PKW,SOH,SOH,P,1
IN00236546,20200102,IGLI00,INTERPORT GLOBAL LOGISTICS PVT.LTD,INTERPORT,NSA,NSA,PNC,PNC,P,1
ID00589077,20200102,IIX901,PT.IFB INDONESIA,PT IFB INDONESIA,JKT,JKT,HKG,HKG,P,10
HK01069411,20200102,ILGZ01,I - LOGISTICS (GUANGZHOU) LTD.,I - LOGISTICS (GUANGZHOU) LTD. ,HUA,HUA,BKK,BKK,P,2
VN00519096,20200102,ILSV01,INTERLINK SHIPPING CO.,LTD,INTERLINK,SGN,SGN,BKK,BKK,P,2
ID00589123,20200102,ILTI01,PT.INDO LIBERTY TEXTILES,DONG-IL,JKT,JKT,INC,INC,P,2
VN00519112,20200102,INFV02,INTERNATIONAL FOREIGN TRADE FOWARDING COMPANY LIMITED,,HPH,HPH,NAO,NAO,P,6
TH00555322,20200102,ING10T,INTEGRA LOGISTICS CORPORATION LTD.,P.P.T.INTERTRADE,BKK,BKK,HUA,HUA,P,4
MY00375829,20200102,ISBM14,INNOFREIGHT SDN BHD,SINO,PKW,PKW,NBO,NBO,P,2
SG00262064,20200102,ISPS16,ITS SHIPPING PTE LTD,RTP,SIN,SIN,YTN,YTN,P,2
VN00519294,20200102,ITIV02,ITI LOGISTICS,,SGN,SGN,PUS,PUS,P,1
VN00519311,20200102,IUMV05,IUM LOGISTICS CO.,LTD- HANOI BRANCH,CHI NHANH HA N?I ? CONG TY TNH,HPH,HPH,INC,INC,P,2
VN00519070,20200102,IUMV05,IUM LOGISTICS CO.,LTD- HANOI BRANCH,IUM,HPH,HPH,INC,INC,C,2
VN00519396,20200102,JASV01,JAS VIETNAM CO., LTD,,SGN,SGN,INC,INC,C,1
VN00519392,20200102,JDCV01,JDL VN COMPANY LIMITED,CAIS,HPH,HPH,INC,INC,P,1
VN00519391,20200102,JDCV01,JDL VN COMPANY LIMITED,CAIS,HPH,HPH,INC,INC,P,2
VN00519270,20200102,JDCV01,JDL VN COMPANY LIMITED,JDLVN,HPH,HPH,INC,INC,P,1
VN00519069,20200102,JDCV01,JDL VN COMPANY LIMITED,JDLVN,HPH,HPH,INC,INC,P,1
MY00375837,20200102,JFSM11,JOHANN FREIGHT SDN BHD,OLEON (ASIA-PACIFIC) SDN BHD,PKG,PKG,DLC,DLC,P,1
MY00375893,20200102,JFSM11,JOHANN FREIGHT SDN BHD,PERFORMANCE,PKG,PKG,OSA,OSA,P,1
MY00375876,20200102,JFSM11,JOHANN FREIGHT SDN BHD,PERFORMANCE,PKG,PKG,PUS,PUS,P,1
MY00375950,20200102,JFSM11,JOHANN FREIGHT SDN BHD,OLEON (ASIA-PACIFIC) SDN BHD,PKG,PKG,TYO,TYO,P,1
HK01069442,20200102,JPTH00,J.P.TRANS(H.K.)LIMITED,J.P.TRANS(HK)LTD,HKG,HKG,INC,INC,P,1
IN00236472,20200102,JR1101,J.R. ROADLINES PVT. LTD. ,OSWAL AGRIMPEX,MUN,MUN,PNC,PNC,C,46
IN00236469,20200102,JS0103,JSB CARGO MOVERS PVT. LTD.,MIRHA EXPORTS PVT. LTD. (PUNJA,LON,MUN,PKW,PKW,P,2
HK01069543,20200102,JSGZ01,JETER SHIPPING (GUANGZHOU) LTD ,JETER SHIPPING,HUA,HUA,BKK,BKK,P,1
HK01069541,20200102,JSGZ01,JETER SHIPPING (GUANGZHOU) LTD ,JETER SHIPPING,HUA,HUA,PKG,PKG,P,1
HK01069545,20200102,JSGZ01,JETER SHIPPING (GUANGZHOU) LTD ,JETER SHIPPING,HUA,HUA,PUS,PUS,P,1
HK01069542,20200102,JSGZ01,JETER SHIPPING (GUANGZHOU) LTD ,JETER SHIPPING,HUA,HUA,SGN,SGN,P,1
HK01069555,20200102,JSGZ01,JETER SHIPPING (GUANGZHOU) LTD ,JETERGZ,HUA,HUA,SGN,SGN,P,2
HK01069540,20200102,JSGZ01,JETER SHIPPING (GUANGZHOU) LTD ,JETER SHIPPING,HUA,HUA,SIN,SIN,P,2
TH00555256,20200102,JTP003,JATUPOL INTERNATIONAL SERVICE CO.,LTD,V.P.LOHAKIJ CO.,LTD.,BKK,BKK,PUS,PUS,P,1
MY00375943,20200102,JWFM01,JWF CONSOLIDATION SDN BHD,JWF CONSOLIDATION SDN BHD,PKG,PKG,HKG,HKG,P,1
MY00375946,20200102,JWFM01,JWF CONSOLIDATION SDN BHD,JWF CONSOLIDATION SDN BHD,PKG,PKG,SIN,SIN,P,2
HK01069386,20200102,JWGZ01,SHENZHEN JW INTERNATIONAL TRANSPORTATION CO.,LTD,JW,NNS,NNS,BKK,BKK,P,2
ID00589085,20200102,JWII01,PT.JAS WORLDWIDE INDONESIA,JKT24010677,JKT,JKT,KAN,KAN,P,2
VN00519030,20200102,KASV04,KMTC AIR-SEA SERVICE VIETNAM CO., LTD ,,SGN,SGN,PUS,PUS,P,2
VN00519042,20200102,KASV04,KMTC AIR-SEA SERVICE VIETNAM CO., LTD ,,SGN,SGN,PUS,PUS,P,4
VN00519043,20200102,KASV04,KMTC AIR-SEA SERVICE VIETNAM CO., LTD ,,SGN,SGN,PUS,PUS,P,1
VN00519273,20200102,KASV04,KMTC AIR-SEA SERVICE VIETNAM CO., LTD ,,SGN,SGN,SHA,SHA,P,1
VN00519155,20200102,KASV04,KMTC AIR-SEA SERVICE VIETNAM CO., LTD ,,SGN,SGN,USN,USN,P,3
IN00236462,20200102,KB0004,K B LOGISTICS SERVICES PVT LTD,VIJEY EXPORTERS,MAA,MAA,TAO,TAO,P,40
HK01069413,20200102,KCGZ00,KORCHINA INT'L LOGISTICS(SHANGHAI)CO.,LTD GUANGZHOU BRANCH,KORCHINA GZ,BJO,BJO,PKW,PKW,P,11
HK01069652,20200102,KCGZ00,KORCHINA INT'L LOGISTICS(SHANGHAI)CO.,LTD GUANGZHOU BRANCH,KORCHINA GZ,HWN,HWN,INC,INC,P,1
VN00519230,20200102,KCIV01,KC INTERNATIONAL LOGISTICS CO., LTD,KC INTERNATIONAL LOGISTICS CO.,HPH,HPH,INC,INC,P,2
VN00519296,20200102,KCIV01,KC INTERNATIONAL LOGISTICS CO., LTD,KC INTERNATIONAL LOGISTICS CO.,HPH,HPH,INC,INC,P,1
MY00375921,20200102,KCLM03,KORCHINA LOGISTICS (M) SDN BHD,KORCHINA,PKG,PKG,INC,INC,C,2
VN00519092,20200102,KCNV01,KORCHINA LOGISTICS (VIETNAM) CO.,LTD,,SGN,SGN,INC,INC,P,1
VN00519199,20200102,KCTV01,KCTC VIETNAM,,SGN,SGN,NGO,NGO,P,1
ID00588915,20200102,KCZI01,PT.KEMASINDO CEPAT NUSANTARA,PT. KEMASINDO CEPAT NUSANTARA,JKT,JKT,SGN,SGN,P,2
ID00588970,20200102,KELI04,PT.KERRY LOGISTICS INDONESIA,KERRY LOGISTICS,SUB,SUB,BKK,BKK,C,1
ID00589056,20200102,KEYM01,PT.KARTIKA EKA YUDHA MARITIM,PT. KARTIKA EKA YUDHA MARITIM,JKT,JKT,SHA,SHA,P,2
ID00589055,20200102,KEYM01,PT.KARTIKA EKA YUDHA MARITIM,PT. KARTIKA EKA YUDHA MARITIM,JKT,JKT,SHA,SHA,P,2
HK01069606,20200102,KFGZ03,KONFILL SHIPPING CO.,LTD GUANGZHOU BRANCH,KONFILL SHIPPING CO LTD,TPN,TPN,SGN,SGN,P,1
HK01069462,20200102,KFLH01,KORCHINA LOGISTICS (HK) LTD,KORCHINA,HKG,HKG,INC,INC,C,1
HK01069620,20200102,KFLH01,KORCHINA LOGISTICS (HK) LTD,KORCHINA,HKG,HKG,INC,INC,C,2
HK01069449,20200102,KFLH01,KORCHINA LOGISTICS (HK) LTD,KORCHINA,HKG,HKG,INC,INC,C,2
IN00236521,20200102,KG1201,KOTAK GLOBAL LOGISTICS PVT LTD,ADANI WILMAR LIMITED,MUN,MUN,HUA,HUA,P,4
IN00236519,20200102,KG1201,KOTAK GLOBAL LOGISTICS PVT LTD,PATIDAR EXPORTS,MUN,MUN,NBO,NBO,P,6
IN00236517,20200102,KI1202,KAUSHALI INTERNATIONAL,SHAKTI POLYWEAVE PVT. LTD.,AMD,MUN,PNC,PNC,P,2
VN00519364,20200102,KIHV12,KTL VINA,,HPH,HPH,INC,INC,C,1
VN00519056,20200102,KIHV12,KTL VINA,,HPH,HPH,INC,INC,C,2
TH00555335,20200102,KIN11T,KWE-KINTETSU WORLD EXPRESS (THAILAND) CO.,LTD. ,TIGERPOLY,BKK,BKK,HUA,HUA,P,1
TH00555341,20200102,KIN11T,KWE-KINTETSU WORLD EXPRESS (THAILAND) CO.,LTD. ,TIGERPOLY,BKK,BKK,HUA,HUA,P,1
ID00589095,20200102,KIXI02,PT.KEWALRAM INDONESIA,PT. KEWALRAM INDONESIA,JKT,JKT,PUS,PUS,P,1
VN00519213,20200102,KL0500,KL EXPRESS HN,,HPH,HPH,INC,INC,C,1
VN00519076,20200102,KL0500,KL EXPRESS HN,,HPH,HPH,INC,INC,C,1
VN00519335,20200102,KL0500,KL EXPRESS HN,,HPH,HPH,INC,INC,C,3
VN00519048,20200102,KL0500,KL EXPRESS HN,,HPH,HPH,INC,INC,C,1
VN00519304,20200102,KL0500,KL EXPRESS HN,,HPH,HPH,INC,INC,C,1
IN00236522,20200102,KL1201,KRITI NUTRIENTS LIMITED,,NSA,NSA,PNC,PNC,P,12
IN00236520,20200102,KL1201,KRITI NUTRIENTS LIMITED,,THI,NSA,PNC,PNC,P,4
IN00236523,20200102,KL1201,KRITI NUTRIENTS LIMITED,,NSA,NSA,UKB,UKB,P,7
SG00262057,20200102,KLSS01,KAWANISHI LOGISTICS (S) PTE LTD,WOODLANDS SUNNY FOODS PTE LTD,SIN,SIN,ISI,ISI,P,1
SG00262054,20200102,KLSS01,KAWANISHI LOGISTICS (S) PTE LTD,WOODLANDS SUNNY FOODS PTE LTD,SIN,SIN,OSA,OSA,P,3
SG00262111,20200102,KLSS01,KAWANISHI LOGISTICS (S) PTE LTD,KAWANISHI LOGISTICS (S) P/L,SIN,SIN,OSA,OSA,P,1
SG00262059,20200102,KLSS01,KAWANISHI LOGISTICS (S) PTE LTD,WOODLANDS SUNNY FOODS PTE LTD,SIN,SIN,OSA,OSA,P,1
SG00262056,20200102,KLSS01,KAWANISHI LOGISTICS (S) PTE LTD,WOODLANDS SUNNY FOODS PTE LTD,SIN,SIN,OSA,OSA,P,1
ID00589066,20200102,KLXI13,PT.KLX LOGIX,PT. KLX LOGIX,JKT,JKT,INC,INC,P,1
HK01069430,20200102,KNHH01,KUEHNE & NAGEL LTD.,,HKG,HKG,LCH,LCH,P,1
HK01069427,20200102,KNHH01,KUEHNE & NAGEL LTD.,,HKG,HKG,YOK,YOK,P,4
MY00375920,20200102,KNHM01,KUEHNE + NAGEL (M) SDN BHD,KUEHNE NAGEL SDN BHD ,PKG,PKG,SIN,SIN,P,4
MY00375917,20200102,KNHM01,KUEHNE + NAGEL (M) SDN BHD,KUEHNE NAGEL SDN BHD ,PKG,PKG,SIN,SIN,P,4
VN00519174,20200102,KNLV01,KORNET LOGISTICS,KORNET LOGISTICS,SGN,SGN,INC,INC,P,1
TH00555481,20200102,KOR13T,KORCHINA FREIGHT (THAILAND) CO.,LTD. (BRANCH00004),KORN THAI CO.,LTD.,BKK,BKK,INC,INC,C,1
VN00519026,20200102,KOSV01,KOSEI INTERNATIONAL CO.,LTD  ,,HPH,HPH,YAT,YAT,C,2
ID00588938,20200102,KPLI01,PT.KONESIA PROLOGIX LINE,KPL,JKT,JKT,INC,INC,P,1
ID00589006,20200102,KPLI01,PT.KONESIA PROLOGIX LINE,TIGA GUNUNG,JKT,JKT,PUS,PUS,C,3
VN00519044,20200102,KPLV00,KPL VIETNAM CO., LTD,,SGN,SGN,INC,INC,C,2
HK01069368,20200102,KSCH03,KONFILL SHIPPING CO.,LTD.,KONFILL SHIPPING CO LTD,HKG,HKG,PGU,PGU,P,20
HK01069367,20200102,KSCH03,KONFILL SHIPPING CO.,LTD.,KONFILL SHIPPING CO LTD,HKG,HKG,PKG,PKG,P,4
HK01069522,20200102,KSCH03,KONFILL SHIPPING CO.,LTD.,KONFILL SHIPPING CO LTD,HKG,HKG,UKB,UKB,P,3
HK01069408,20200102,KSLH02,KAVIN SHIPPING LTD,KAVIN,HKG,HKG,JKT,JKT,P,1
HK01069416,20200102,KSLH02,KAVIN SHIPPING LTD,KAVIN,HKG,HKG,JKT,JKT,P,1
HK01069438,20200102,KSLH02,KAVIN SHIPPING LTD,KAVIN,HKG,HKG,SIN,SIN,P,1
VN00519305,20200102,KTCV01,KONOIKE VINA,,SGN,SGN,BKK,BKK,P,1
VN00519303,20200102,KTCV01,KONOIKE VINA,,SGN,SGN,BKK,BKK,P,1
VN00519031,20200102,KTCV01,KONOIKE VINA,,SGN,SGN,INC,INC,P,2
VN00519332,20200102,KTLV01,KTL INTERNATIONAL ,,SGN,SGN,INC,INC,C,1
ID00589051,20200102,KWEI01,PT.KINTETSU WORLD EXPRESS INDONESIA,PT. KWE INDONESIA,JKT,JKT,MIZ,MIZ,P,2
ID00589048,20200102,KWEI01,PT.KINTETSU WORLD EXPRESS INDONESIA,PT. KWE INDONESIA,JKT,JKT,MIZ,MIZ,P,2
ID00589005,20200102,KWEI01,PT.KINTETSU WORLD EXPRESS INDONESIA,PT. UNIVERS,JKT,JKT,MYJ,MYJ,C,1
ID00589033,20200102,KWEI02,PT.KINTETSU WORLD EXPRESS INDONESIA,KINTETSU WORLD EXPRESS,SUB,SUB,OSA,OSA,P,1
HK01069512,20200102,KWLH00,KINGSWAY LOGISTICS COMPANY LIMITED,WAI MING HONG,HKG,HKG,JEA,JEA,P,2
VN00519099,20200102,KWLV01,KWONG LUNG-MEKO CO.,LTD.,,SGN,SGN,ISI,ISI,P,4
TH00555262,20200102,LCL100,LAEM CHABANG LOGISTICS CO.,LTD (BRANCH 00002),SIAM PROGRESS 51,BKK,BKK,HKG,HKG,P,2
VN00519373,20200102,LCSV12,LASER CARGO SERVICE JOINT STOCK COMPANY,,HPH,HPH,PUS,PUS,P,2
TH00555480,20200102,LEOG01,LEO GLOBAL LOGISTICS PUBLIC COMPANY LIMITED.,ATAC CHEMICAL CO., LTD.,BKK,BKK,SGN,SGN,P,1
TH00555283,20200102,LEOG01,LEO GLOBAL LOGISTICS PUBLIC COMPANY LIMITED.,THAI WAH,BKK,BKK,SHA,SHA,C,35
TH00555366,20200102,LES01T,LESCHACO (THAILAND) LTD.,MCCORMICK,LCH,LCH,SIN,SIN,P,2
HK01069422,20200102,LFHH04,LUCKY LOGISTICS GROUP LTD,LUCKY LOGISTICS GROUP LIMITED,HKG,HKG,INC,INC,P,2
HK01069583,20200102,LFHH04,LUCKY LOGISTICS GROUP LTD,LUCKY LOGISTICS GROUP LIMITED,HKG,HKG,INC,INC,P,2
HK01069590,20200102,LFHH04,LUCKY LOGISTICS GROUP LTD,LUCKY LOGISTICS GROUP LIMITED,HKG,HKG,INC,INC,P,1
IN00236500,20200102,LI0801,LINKEDIN LOGISTICS PARTNERS PVT. LTD.,LINKEDINLOGISTICS PARTNERS PVT,TKD,MUN,LCH,LCH,P,1
IN00236475,20200102,LI2601,LOGISTIC INTEGRATORS (I) PVT. LTD.,CRYSTAL QUINONE PVT. LTD.,AMD,MUN,XGG,XGG,P,1
TH00555518,20200102,LION03,LION TRANS CO.,LTD,MARUISHI CHEMICAL (THAILAND) ,BKK,BKK,SHA,SHA,P,3
ID00588973,20200102,LJSS01,PT.LANCAR JAYA SELARAS SEJAHTERA,CV SUKSES PUTERA,SUB,SUB,SHA,SHA,P,6
ID00588971,20200102,LJSS01,PT.LANCAR JAYA SELARAS SEJAHTERA,CV SUKSES PUTERA,SUB,SUB,SHA,SHA,P,6
ID00588979,20200102,LJSS01,PT.LANCAR JAYA SELARAS SEJAHTERA,PT JATIM SENTRA UTAMA,SUB,SUB,SHA,SHA,P,1
ID00588957,20200102,LJSS01,PT.LANCAR JAYA SELARAS SEJAHTERA,PT JATIM SENTRA UTAMA,SUB,SUB,SHA,SHA,P,2
IN00236502,20200102,LLIM04,LOM LOGISTICS INDIA PVT.LTD.,LOM LOGISTICS INDIA,NSA,NSA,PNC,PNC,C,1
MY00375839,20200102,LLSM02,LOM LOGISTICS SDN BHD,LOM LOGISTICS SDN BHD,PKW,PKW,PNC,PNC,C,1
MY00375792,20200102,LNLM00,L&L INTERNATIONAL LOGISTICS SDN BHD,SURIACHEM SDN BHD ,PKG,PKG,TMK,TMK,P,4
TH00555398,20200102,LOT02T,LOTUS FREIGHT AND SERVICES CORP.,LTD.,CHUA HAH SENG FOOD PRODUCTS CO,BKK,BKK,HKG,HKG,P,1
MY00375838,20200102,LRCM01,REGIONAL RUBBER TRADING CO PTE LTD,,PKG,PKG,SHA,SHA,P,2
HK01069483,20200102,LSGZ04,LONG SAIL INT'L LOGISTICS CO LTD,LONGSAIL INTERNATIONAL LOGISTI,NNS,NNS,INC,INC,P,2
HK01069593,20200102,LSIH15,LONG SAIL INT'L LOGISTICS CO.,LTD,LONGSAIL INTERNATIONAL LOGISTI,JMN,JMN,PUS,PUS,C,1
TH00555378,20200102,MAR32T,MARITIME ALLIANCE CO.,LTD.,KORN THAI,BKK,BKK,SHA,SHA,P,8
TH00555329,20200102,MARL02,MARCH LOGISTICS CO., LTD.,STARPRO,BKK,BKK,NBO,NBO,P,2
TH00555441,20200102,MASS07,MASS POWER LOGISTICS CO.,LTD.,SANYO KASEI (THAILAND) LTD.,LCH,LCH,SHA,SHA,P,2
TH00555442,20200102,MASS07,MASS POWER LOGISTICS CO.,LTD.,SANYO KASEI (THAILAND) LTD.,LCH,LCH,SHA,SHA,P,2
ID00588963,20200102,MCAI03,PT.MCA LOGISTIK INDONESIA,PT. MCA LOGISTIK INDONESIA ,JKT,JKT,MIP,MIP,P,14
ID00589014,20200102,MCAI03,PT.MCA LOGISTIK INDONESIA,PT. MCA LOGISTIK INDONESIA,JKT,JKT,MIP,MIP,P,2
HK01069434,20200102,MCMH03,MC MASTERINDO LOGISTICS LIMITED,MCML,HKG,HKG,JKT,JKT,P,1
IN00236489,20200102,MD0301,MODERN CARGO SERVICES PRIVATE LIMITED,MODERN CARGO SERVICES PVT. LT ,KKU,MUN,FKY,FKY,P,2
IN00236514,20200102,MD0301,MODERN CARGO SERVICES PRIVATE LIMITED,MODERN CARGO SERVICES PVT. LT ,KKU,MUN,FKY,FKY,P,1
IN00236507,20200102,MD0301,MODERN CARGO SERVICES PRIVATE LIMITED,MODERN CARGO SERVICES PVT. LT ,KKU,MUN,NGO,NGO,P,1
IN00236511,20200102,MD0301,MODERN CARGO SERVICES PRIVATE LIMITED,MODERN CARGO SERVICES PVT. LT ,KKU,MUN,OSA,OSA,P,2
MY00375906,20200102,MEGP00,MEGA JUPANIAGA SDN BHD,MEGA JUPANIAGA SDN BHD,PEN,PEN,TAO,TAO,P,2
MY00375795,20200102,MEMM01,MORRISON EXPRESS (M) SDN BHD,CRANBERRY ,PKG,PKG,NGO,NGO,P,1
TH00555306,20200102,MENT02,MENTOR FREIGHT INTERNATIONAL CO.,LTD. ,A.J.PLAST,LCH,LCH,SGN,SGN,P,2
IN00236533,20200102,META21,METALLOYS RECYCLING LTD,METALLOYS RECYCLING LIMITED,UME,NSA,NBO,NBO,P,4
ID00588907,20200102,MFII00,PT.MASTER FREIGHT INTERNATIONAL,PT DUA KUDA,JKT,JKT,INC,INC,P,10
ID00589028,20200102,MFII00,PT.MASTER FREIGHT INTERNATIONAL,PT DUA KUDA,JKT,JKT,INC,INC,P,22
HK01069595,20200102,MFLH01,MOU FUNG LTD.,MOU FUNG LTD.,HKG,HKG,TAO,TAO,P,1
TH00555389,20200102,MIC07T,MICHELIN SIAM CO LTD,MICHELIN SIAM CO LTD,LCH,LCH,DLC,DLC,P,4
TH00555393,20200102,MIC07T,MICHELIN SIAM CO LTD,MICHELIN SIAM CO LTD,LCH,LCH,DLC,DLC,P,6
HK01069403,20200102,MIGZ02,KMTC AIR-SEA SERVICE (CHINA) CO.,LTD.,KMTCN,XON,XON,INC,INC,C,2
MY00375798,20200102,MILM03,MINE LOGISTICS SDN BHD,SUPREME TROPICAL,PKW,PKW,KAN,KAN,P,1
ID00588985,20200102,MILX01,PT. MULTI INTERNATIONAL LOGISTIC,PT. BITRATEX INDUSTRIES,SRG,SRG,INC,INC,P,2
ID00588994,20200102,MILX01,PT. MULTI INTERNATIONAL LOGISTIC,PT. PRIMAYUDHA MANDIRIJAYA,SRG,SRG,INC,INC,P,2
ID00588984,20200102,MILX01,PT. MULTI INTERNATIONAL LOGISTIC,PT. BITRATEX INDUSTRIES,SRG,SRG,INC,INC,P,2
ID00588988,20200102,MILX01,PT. MULTI INTERNATIONAL LOGISTIC,PT. PRIMAYUDHA,SRG,SRG,INC,INC,P,2
ID00588989,20200102,MILX01,PT. MULTI INTERNATIONAL LOGISTIC,PT. BITRATEX INDUSTRIES,SRG,SRG,INC,INC,P,2
ID00588953,20200102,MILX01,PT. MULTI INTERNATIONAL LOGISTIC,PT PRIMAYUDHA MANDIRIJAYA,SRG,SRG,INC,INC,P,2
ID00588956,20200102,MILX01,PT. MULTI INTERNATIONAL LOGISTIC,PT PRIMAYUDHA MANDIRIJAYA,SRG,SRG,INC,INC,P,2
ID00588986,20200102,MILX01,PT. MULTI INTERNATIONAL LOGISTIC,PT. SRI REJEKI ISMAN TBK,SRG,SRG,KAN,KAN,P,2
ID00588982,20200102,MILX01,PT. MULTI INTERNATIONAL LOGISTIC,PT. BITRATEX INDUSTRIES,SRG,SRG,PNC,PNC,P,2
ID00588983,20200102,MILX01,PT. MULTI INTERNATIONAL LOGISTIC,PT. BITRATEX INDUSTRIES,SRG,SRG,PUS,PUS,P,2
ID00588987,20200102,MILX01,PT. MULTI INTERNATIONAL LOGISTIC,PT. BITRATEX INDUSTRIES,SRG,SRG,PUS,PUS,P,2
ID00588991,20200102,MILX01,PT. MULTI INTERNATIONAL LOGISTIC,PT. PRIMAYUDHA,SRG,SRG,SHA,SHA,P,1
ID00589115,20200102,MIPI22,PT.MULTIGUNA INTERNATIONAL PERSADA,CV. PRIMA JAYA ABADI,SUB,SUB,BKK,BKK,P,2
TH00555353,20200102,MIT05T,MITSUI-SOKO (THAILAND) CO.,LTD.,INOAC,BKK,BKK,STN,STN,P,1
ID00589100,20200102,MIXI21,PT.MACOLINE INDONESIA,SEAWAYBILL,JKT,JKT,PUS,PUS,P,8
ID00589058,20200102,MIXI24,PT.MORIUCHI INDONESIA,MORIUCHI,JKT,JKT,SHA,SHA,P,1
ID00589059,20200102,MIXI24,PT.MORIUCHI INDONESIA,MORIUCHI,JKT,JKT,SHA,SHA,P,1
VN00519231,20200102,MJCV01,MJ LOGISTICS (HANOI) CO.,LTD,SHINSOUNG,HPH,HPH,INC,INC,P,1
VN00519229,20200102,MJCV01,MJ LOGISTICS (HANOI) CO.,LTD,QUANG THOAI ,HPH,HPH,INC,INC,P,1
VN00519292,20200102,MJCV01,MJ LOGISTICS (HANOI) CO.,LTD,,HPH,HPH,SHK,SHK,P,1
VN00519314,20200102,MKPV01,MKP SHIPPING AGENCY  CO.,LTD,,SGN,SGN,INC,INC,P,2
VN00519057,20200102,MLCV03,MELODY LOGISTICS CO., LTD,,SGN,SGN,INC,INC,P,1
HK01069432,20200102,MLHL00,MJ LOGISTICS (HK) LIMITED,MJ LOGISTICS (HK) LTD.,HKG,HKG,INC,INC,P,1
HK01069457,20200102,MLHL00,MJ LOGISTICS (HK) LIMITED,MJ LOGISTICS (HK) LTD.,HKG,HKG,PUS,PUS,C,1
HK01069463,20200102,MLHL00,MJ LOGISTICS (HK) LIMITED,MJ LOGISTICS(SHANGHAI)LIMITED ,ZSN,ZSN,INC,INC,C,1
HK01069532,20200102,MLLH06,MAX LOGISTICS LTD.,MAX LOGISTICS LTD,HKG,HKG,INC,INC,P,9
HK01069518,20200102,MLLH06,MAX LOGISTICS LTD.,MAX LOGISTICS LTD,HKG,HKG,PUS,PUS,P,1
TH00555350,20200102,MMP05T,MMP LOGISTICS CO.,LTD,MMP LOGISTICS,BKK,BKK,HKG,HKG,P,1
MY00375785,20200102,MMSM01,MAC-NELS (MALAYSIA) SDN BHD (104688-U),MAC-NELS,PKG,PKG,SIN,SIN,P,2
MY00375772,20200102,MMSM01,MAC-NELS (MALAYSIA) SDN BHD (104688-U),MAC-NELS,PKG,PKG,SIN,SIN,P,2
MY00375773,20200102,MMSM01,MAC-NELS (MALAYSIA) SDN BHD (104688-U),MAC-NELS,PKG,PKG,SIN,SIN,P,2
MY00375774,20200102,MMSM01,MAC-NELS (MALAYSIA) SDN BHD (104688-U),MAC-NELS,PKG,PKG,SIN,SIN,P,2
VN00519341,20200102,MNSH18,MN SHIPPING CO LTD,MN SHIPPING,SGN,SGN,PUS,PUS,P,1
MY00375904,20200102,MNSM04,MAC-NELS (PENANG) SDN BHD,MAC-NELS (PENANG) SDN BHD,PEN,PEN,TAO,TAO,P,10
MY00375905,20200102,MNSM04,MAC-NELS (PENANG) SDN BHD,MAC-NELS (PENANG) SDN BHD,PEN,PEN,TAO,TAO,P,10
MY00375878,20200102,MPCM02,MPC EXPRESS SDN BHD,MPC EXPRESS SDN BHD,PGU,PGU,INC,INC,C,2
MY00375899,20200102,MPCM02,MPC EXPRESS SDN BHD,MPC EXPRESS SDN BHD,PGU,PGU,INC,INC,C,2
MY00375907,20200102,MPCM02,MPC EXPRESS SDN BHD,MPC EXPRESS SDN BHD,PGU,PGU,INC,INC,C,2
MY00375895,20200102,MPCM02,MPC EXPRESS SDN BHD,MPC EXPRESS SDN BHD,PGU,PGU,INC,INC,C,1
IN00236537,20200102,MS1207,MAZDA SHIPPING AND LOGISTICS,NANDAN DENIM LIMITED,AMD,MUN,INC,INC,P,1
HK01069523,20200102,MSGZ01,GUANGZHOU MINSHENG INTERNATIONAL FREIGHT CO.,LTD,GUANGZHOU MINSHENG INTERNATION,HUA,HUA,SIN,SIN,P,1
MY00375830,20200102,MSMM12,MITSUI-SOKO (MALAYSIA) SDN BHD,MITSUI-SOKO (M) SDN BHD,PEN,PEN,ONA,ONA,C,4
ID00588947,20200102,MTPI04,PT.MITRA TRANSINDO PERKASA,MTIKR2001001,JKT,JKT,PUS,PUS,C,1
HK01069503,20200102,MWGZ01,MAXTOP WORLDWIDE LOGISTICS(GZ)LTD.,MAXTOP,SSN,SSN,JKT,JKT,P,1
HK01069370,20200102,MWGZ01,MAXTOP WORLDWIDE LOGISTICS(GZ)LTD.,MAXTOP,WUZ,WUZ,MAA,MAA,P,1
HK01069553,20200102,MWLH02,MAXTOP WORLDWIDE LOGISTICS (GZ) LTD.,MAXTOP,HKG,HKG,SIN,SIN,P,1
TH00555486,20200102,NAT01T,NATIONAL STARCH AND CHEMICAL (THAILAND) LTD.,INGREDION (THAILAND) CO.,LTD,LCH,LCH,PUS,PUS,P,17
TH00555355,20200102,NCL01T,NCL INTERNATIONAL LOGISTICS PUBLIC COMPANY LIMITED.,TEPPITAK SEAFOOD,BKK,BKK,INC,INC,P,2
TH00555363,20200102,NCL01T,NCL INTERNATIONAL LOGISTICS PUBLIC COMPANY LIMITED.,TEPPITAK SEAFOOD,BKK,BKK,INC,INC,P,2
ID00588894,20200102,NCSI01,PT.NCS LINE WORLDWIDE,PT. NCS LINE WORLD WIDE,JKT,JKT,SGN,SGN,P,1
ID00588998,20200102,NDTI01,PT.NADITAMA TRANCY LOGISTICS INDONESIA,PT.MARSOL ABADI INDONESIA,JKT,JKT,MIP,MIP,P,2
VN00519132,20200102,NECV00,NIPPON EXPRESS (VIETNAM) CO.,LTD,,SGN,SGN,BKK,BKK,P,1
VN00519198,20200102,NECV00,NIPPON EXPRESS (VIETNAM) CO.,LTD,,SGN,SGN,JKT,JKT,P,1
VN00519195,20200102,NECV00,NIPPON EXPRESS (VIETNAM) CO.,LTD,,SGN,SGN,LCH,LCH,P,1
VN00519197,20200102,NECV00,NIPPON EXPRESS (VIETNAM) CO.,LTD,,SGN,SGN,LCH,LCH,P,1
VN00519350,20200102,NECV05,NIPPON EXPRESS (VN) CO., LTD - HANOI BR,,HPH,HPH,FKY,FKY,P,4
VN00519325,20200102,NECV05,NIPPON EXPRESS (VN) CO., LTD - HANOI BR,,HPH,HPH,FKY,FKY,P,4
HK01069501,20200102,NEHH01,NIPPON EXPRESS (H.K.) CO. LTD,NIPPON EXPRESS (HK) CO LTD,HKG,HKG,HSM,HSM,P,2
HK01069431,20200102,NEHH01,NIPPON EXPRESS (H.K.) CO. LTD,NIPPON EXPRESS (H.K.) CO.,LTD,HKG,HKG,INC,INC,P,2
HK01069493,20200102,NEHH01,NIPPON EXPRESS (H.K.) CO. LTD,NIPPON EXPRESS (H.K.) CO.,LTD,HKG,HKG,INC,INC,P,2
HK01069618,20200102,NEHH01,NIPPON EXPRESS (H.K.) CO. LTD,NIPPON EXPRESS (HK) CO LTD,HKG,HKG,SDJ,SDJ,P,1
ID00588974,20200102,NEII06,PT. NOAH LOGISTIK INDONESIA,PT NANDI INDONESIA,JKT,JKT,SGN,SGN,P,1
MY00375831,20200102,NEM002,NIPPON EXPRESS (M) SDN. BHD.,NIPPON EXPRESS (M) SDN BHD,PEN,PEN,PUS,PUS,P,2
MY00375832,20200102,NEM002,NIPPON EXPRESS (M) SDN. BHD.,NIPPON EXPRESS (M) SDN BHD,PEN,PEN,PUS,PUS,P,2
VN00519144,20200102,NISV01,NISSIN LOGISTICS (VN) COMPANY LIMITED,,HPH,HPH,KNZ,KNZ,P,2
ID00589015,20200102,NLII02,PT.NITTSU LEMO INDONESIA LOGISTIK,CONSOL HONGKONG,JKT,JKT,HKG,HKG,P,2
ID00589020,20200102,NLII02,PT.NITTSU LEMO INDONESIA LOGISTIK,CONSOL HONGKONG,JKT,JKT,HKG,HKG,P,2
ID00589023,20200102,NLII02,PT.NITTSU LEMO INDONESIA LOGISTIK,CONSOL HONGKONG,JKT,JKT,HKG,HKG,P,1
VN00519078,20200102,NNRV00,NNR GLOBAL LOGISTICS (VIETNAM) CO.,LTD - HANOI BRANCH,,HPH,HPH,TMK,TMK,P,4
HK01069548,20200102,NPGZ01,NGAI PAK LOGISTICS LIMITED,SEE REMARK,HWN,HWN,TMK,TMK,P,1
MY00375891,20200102,NPMM02,NIPPON EXPRESS (M) SDN BHD,NIPPON EXPRESS (M) SDN BHD,PGU,PGU,INC,INC,P,1
MY00375892,20200102,NPMM02,NIPPON EXPRESS (M) SDN BHD,NIPPON EXPRESS (M) SDN BHD,PGU,PGU,INC,INC,P,1
VN00519372,20200102,NPTV01,NGO PHAT TS CO., LTD,NGO PHAT TS CO., LTD,SGN,SGN,BKK,BKK,P,1
VN00519108,20200102,NPTV01,NGO PHAT TS CO., LTD,NGO PHAT LOGISTICS CO., LTD.,SGN,SGN,SHA,SHA,P,2
HK01069397,20200102,NSHH01,NEWAY SHIPPING (HK) LTD.,NEWAY SHIPPING (HK) LTD.,HKG,HKG,PKW,PKW,P,6
TH00555500,20200102,NSIT04,NS INTERNATIONAL (THAILAND) CO.,LTD.,NS INTERNATIONAL ,BKK,BKK,PUS,PUS,P,1
HK01069559,20200102,NTIH01,NANKAI TRANSPORT INT'L (HK) CO., LTD.,NANKAI TRANSPORT INT'L,HKG,HKG,JKT,JKT,P,1
HK01069643,20200102,NTWH02,NISSIN TRANSPORTATION & WAREHOUSING(HK) LTD.,NISSIN T&W (HK) LTD,HKG,HKG,JKT,JKT,P,2
VN00519234,20200102,NWLV05,NEW WAY LOGISTICS CO.,LTD,,HPH,HPH,INC,INC,C,3
VN00519236,20200102,NWLV05,NEW WAY LOGISTICS CO.,LTD,,HPH,HPH,INC,INC,C,3
VN00519299,20200102,NWLV05,NEW WAY LOGISTICS CO.,LTD,,HPH,HPH,INC,INC,P,1
VN00519173,20200102,NYDV01,NYD LOGISTIC CORP,,SGN,SGN,INC,INC,P,1
VN00519171,20200102,NYDV01,NYD LOGISTIC CORP,,SGN,SGN,KAN,KAN,P,1
VN00519269,20200102,NYDV01,NYD LOGISTIC CORP,,SGN,SGN,PUS,PUS,P,1
VN00519162,20200102,NYDV01,NYD LOGISTIC CORP,,SGN,SGN,PUS,PUS,P,1
VN00519356,20200102,NYDV01,NYD LOGISTIC CORP,,SGN,SGN,PUS,PUS,P,1
VN00519375,20200102,NYDV01,NYD LOGISTIC CORP,,SGN,SGN,PUS,PUS,P,1
VN00519160,20200102,NYDV01,NYD LOGISTIC CORP,,SGN,SGN,PUS,PUS,P,2
HK01069481,20200102,OAIH00,ONWIN ASIA INTERNATIONAL CO., LIMITED,ONWIN ASIA ,HKG,HKG,BKK,BKK,P,4
HK01069396,20200102,OAIH00,ONWIN ASIA INTERNATIONAL CO., LIMITED,ONWINASIA,HKG,HKG,HPH,HPH,P,2
HK01069530,20200102,OAIH00,ONWIN ASIA INTERNATIONAL CO., LIMITED,ONWIN ASIA ,HKG,HKG,HPH,HPH,P,3
HK01069504,20200102,OAIH00,ONWIN ASIA INTERNATIONAL CO., LIMITED,ONWINASIA,HKG,HKG,HPH,HPH,P,2
HK01069400,20200102,OAIH00,ONWIN ASIA INTERNATIONAL CO., LIMITED,ONWIN ASIA,HKG,HKG,KEL,KEL,P,1
HK01069362,20200102,OAIH00,ONWIN ASIA INTERNATIONAL CO., LIMITED,ONWIN ASIA,HKG,HKG,SGN,SGN,P,2
HK01069364,20200102,OAIH00,ONWIN ASIA INTERNATIONAL CO., LIMITED,ONWIN ASIA,HKG,HKG,SIN,SIN,P,1
MY00375896,20200102,OCFM01,OCEANWIDE FREIGHT SDN BHD,GREEN HPSP,PEN,PEN,NTG,NTG,P,1
TH00555484,20200102,OIAG01,OIA GLOBAL LOGISTICS (THAILAND) LTD.,OIA,LKB,LCH,JKT,JKT,P,1
MY00375814,20200102,OISM02,OPAL ASIA SHIPPING SDN BHD,ABLE FOOD SDN BHD,PKW,PKW,LCH,LCH,P,1
MY00375813,20200102,OISM02,OPAL ASIA SHIPPING SDN BHD,ABLE FOOD SDN BHD,PKW,PKW,LCH,LCH,P,1
MY00375928,20200102,OWL002,OCEAN WORLDWIDE LOGISTICS (M) SDN BHD,OCEAN WORLDWIDE LOGISTICS (M) ,PKW,PKW,PNC,PNC,P,1
MY00375969,20200102,OWL002,OCEAN WORLDWIDE LOGISTICS (M) SDN BHD,OCEAN WORLDWIDE LOGISTICS (M) ,PKW,PKW,PNC,PNC,P,2
MY00375952,20200102,OWL002,OCEAN WORLDWIDE LOGISTICS (M) SDN BHD,OCEAN WORLDWIDE LOGISTICS (M) ,PKW,PKW,PNC,PNC,P,2
MY00375930,20200102,OWL002,OCEAN WORLDWIDE LOGISTICS (M) SDN BHD,OCEAN WORLDWIDE LOGISTICS (M) ,PKW,PKW,PNC,PNC,P,2
MY00375959,20200102,OWL002,OCEAN WORLDWIDE LOGISTICS (M) SDN BHD,OCEAN WORLDWIDE LOGISTICS (M) ,PKW,PKW,PNC,PNC,P,1
VN00519371,20200102,PAAV00,3H PLASTIC JSC,,HPH,HPH,HIJ,HIJ,P,2
VN00519264,20200102,PACV12,PACIFIC GIANTS HAI PHONG BRANCH,,HPH,HPH,KPO,KPO,P,16
HK01069526,20200102,PAFH05,PAN ASIA FREIGHT-FORWARDING & LOGISTICS,PAN ASIA FRT-FWDG & LOG HK LTD,HKG,HKG,SIN,SIN,P,1
HK01069506,20200102,PASH02,PRO-TRANS LINK LOGISTICS (H.K.) LTD.,PRO-TRANSLINK,HKG,HKG,SIN,SIN,P,20
HK01069478,20200102,PCGZ01,PASSION&CONSOLIDATION CO.,LTD,PNC SZ,NNS,NNS,INC,INC,C,1
VN00519167,20200102,PGLV04,PEGASUS GLOBAL LOGISTICS ,,SGN,SGN,JKT,JKT,P,1
VN00519183,20200102,PGLV06,PGL LOGISTICS CO.,LTD,,HPH,HPH,INC,INC,C,1
HK01069604,20200102,PIGZ00,Patent International Logistics(Shen zhen)Co.,Ltd.,PATENT,HUA,HUA,BKK,BKK,C,1
HK01069602,20200102,PIGZ00,Patent International Logistics(Shen zhen)Co.,Ltd.,PATENT,HUA,HUA,BKK,BKK,C,1
HK01069613,20200102,PIGZ00,Patent International Logistics(Shen zhen)Co.,Ltd.,PATENT,HUA,HUA,BKK,BKK,C,1
TH00555408,20200102,PIL05T,PILOT LOGISTICS CO.,LTD. ,HITACHI CHEMICAL ASIA (THAILAN,BKK,BKK,HUA,HUA,P,1
TH00555406,20200102,PIL05T,PILOT LOGISTICS CO.,LTD. ,HITACHI CHEMICAL ASIA (THAILAN,BKK,BKK,HUA,HUA,P,1
TH00555407,20200102,PIL05T,PILOT LOGISTICS CO.,LTD. ,HITACHI CHEMICAL ASIA (THAILAN,BKK,BKK,HUA,HUA,P,1
HK01069537,20200102,PILH03,PANAKOR LOGISTICS (CHINA) CO.,LTD,LOTTE ADVANCED MATERIALS CO., LTD.,HKG,HKG,KAN,KAN,C,1
VN00519363,20200102,PJSV12,PTL JOINT STOCK COMPANY ,PTL JSC.,,HPH,HPH,INC,INC,P,1
MY00375918,20200102,PK0100,PKG INTER GLOBAL SDN BHD,PKG GATEWAY SDN BHD ,PKG,PKG,INC,INC,C,4
ID00588892,20200102,PKTI01,PT.PABRIK KERTAS TJIWI KIMIA TBK,PT PABRIK KERTAS TJIWI KIMIA,SUB,SUB,OSA,OSA,P,8
TH00555445,20200102,PLAN03,PLANET INTER LOGISTICS CO.,LTD.,KING AIBO ,LCH,LCH,WUZ,WUZ,P,4
HK01069524,20200102,PLCH00,PANTOS LOGISTICS (HK) CO LTD,TWS TECHNOLOGY LIMITED,HKG,HKG,PUS,PUS,C,1
VN00519362,20200102,PLCV16,PIGEON LOGISTICS HAI PHONG BRANCH,PIGEON LOGISTICS CO., LTD-HAI ,HPH,HPH,INC,INC,P,2
VN00519346,20200102,PLCV16,PIGEON LOGISTICS HAI PHONG BRANCH,PIGEON LOGISTICS CO., LTD-HAI ,HPH,HPH,INC,INC,P,2
ID00588964,20200102,PLII05,PT.PANTOS LOGISTICS INDONESIA,HSPUS020117,JKT,JKT,PUS,PUS,P,8
VN00519222,20200102,PLNJ02,PACIFIC LOGISTICS NETWORK JSC,,HPH,HPH,DLC,DLC,P,2
HK01069544,20200102,PNGZ01,PANAKOR LOGISTICS(CHINA) CO.,LTD,PANAKOR LOGISTICS (CHINA) CO.,,ROQ,ROQ,INC,INC,C,1
HK01069614,20200102,PNGZ01,PANAKOR LOGISTICS(CHINA) CO.,LTD,PANAKOR GZ,SJQ,SJQ,INC,INC,C,1
HK01069617,20200102,PNGZ01,PANAKOR LOGISTICS(CHINA) CO.,LTD,PANAKOR GZ,SJQ,SJQ,INC,INC,C,2
HK01069612,20200102,PNGZ01,PANAKOR LOGISTICS(CHINA) CO.,LTD,PANAKOR GZ,SJQ,SJQ,INC,INC,C,2
ID00589032,20200102,PNRI00,PT.PETNESIA RESINDO,,JKT,JKT,CHB,CHB,P,2
HK01069601,20200102,POSH00,PRINCE OCEAN SHIPPING LTD.,PRINCE OCEAN SHIPPING LIMITED,HKG,HKG,HPH,HPH,P,14
HK01069447,20200102,POSH00,PRINCE OCEAN SHIPPING LTD.,PRINCE OCEAN SHIPPING LTD.,HKG,HKG,PKW,PKW,P,9
HK01069610,20200102,POSH00,PRINCE OCEAN SHIPPING LTD.,PRINCE OCEAN SHIPPING LTD.,HKG,HKG,SIN,SIN,P,2
HK01069611,20200102,POSH00,PRINCE OCEAN SHIPPING LTD.,PRINCE OCEAN SHIPPING LTD.,HKG,HKG,YOK,YOK,P,2
HK01069441,20200102,PSLH01,PACIFIC STAR EXPRESS (HK) CO., LTD.,PACIFIC STAR EXPRESS (HK) CO.,HKG,HKG,INC,INC,P,1
TH00555228,20200102,PSPI00,PSP INTERNATIONAL LOGISTICS CO.,LTD.,THUNWA,LCH,LCH,HKG,HKG,P,2
SG00262079,20200102,PSPS19,PENANSHIN SHIPPING PTE LTD,MP CONSOL ,SIN,SIN,SHA,SHA,P,2
ID00589064,20200102,PSXI23,PT. PIJAR SUKMA,PT PIJAR SUKMA,SRG,SRG,PUS,PUS,C,2
SG00262123,20200102,PTCS01,POH TIONG CHOON SHIPPING (PTE) LTD,VERSUM MATERIALS,SIN,SIN,PUS,PUS,P,2
MY00375889,20200102,PTFG01,P&T FORWARDING CO.,LTD.,VON BUNDIT,PEN,PEN,INC,INC,C,1
MY00375885,20200102,PTFG01,P&T FORWARDING CO.,LTD.,VON BUNDIT,PEN,PEN,INC,INC,C,1
VN00519268,20200102,PTSV00,PT TRANS & SERVICES JSC,,SGN,SGN,JKT,JKT,P,1
VN00519331,20200102,PTSV02,PROBITY LOGISTICS CORP.,,PROMN,SGN,SGN,BKK,BKK,P,2
TH00555373,20200102,PTTP00,GC Marketing Solutions CO., LTD.,HMC POLYMER CO.,LTD.,LCH,LCH,TAO,TAO,P,8
TH00555277,20200102,PTTP00,GC Marketing Solutions CO., LTD.,GC MARKETING SOLUTIONS,LCH,LCH,YOK,YOK,P,4
VN00519278,20200102,PTV101,PTV  CO.,LTD,,SGN,SGN,BKK,BKK,P,1
VN00519286,20200102,PTV101,PTV  CO.,LTD,C.NAM,SGN,SGN,INC,INC,P,2
VN00519277,20200102,PTV101,PTV  CO.,LTD,,SGN,SGN,LCH,LCH,P,2
VN00519186,20200102,PTV101,PTV  CO.,LTD,DRB,SGN,SGN,PUS,PUS,C,2
HK01069521,20200102,PULH01,PACIFIC UNITED LOGISTICS INC. LTD.,PUL,HKG,HKG,JKT,JKT,P,1
SG00262132,20200102,PWTS02,PANALPINA WORLD TRANSPORT (S) PTE LTD.,PANALPINA WORLD TRANSPORT,SIN,SIN,INC,INC,P,4
SG00262137,20200102,PWTS02,PANALPINA WORLD TRANSPORT (S) PTE LTD.,PANALPINA WORLD TRANSPORT,SIN,SIN,INC,INC,P,1
HK01069378,20200102,QBGZ01,GUANGZHOU QIAOBO SUPPLY CHAIN TECHNOLOGY CO.,LTD.,GUIZHOU REDSTAR DEVELOPING IMP,HUA,HUA,KPO,KPO,P,3
VN00519308,20200102,QMTV00,QMT VIET NAM,,HPH,HPH,MOJ,MOJ,P,2
ID00588895,20200102,RALS01,PT.RYU AURA LINTAS SAMUDERA,PT. JAVAINDO PURESTAR CARBON,SUB,SUB,SHA,SHA,P,1
IN00236456,20200102,RB1701,R. B. INTERNATIONAL,CMS INDUSTRIES,MUN,MUN,KPO,KPO,P,16
IN00236457,20200102,RBI01I,R.B.INTERNATIONAL,SHARIFA AGROTECH,NSA,NSA,PNC,PNC,P,8
TH00555349,20200102,RIV01T,RIVA LOGISTICS CO.,LTD.,THAI SOOJUNG GLASS,BKK,BKK,SHK,SHK,P,1
TH00555411,20200102,RIV01T,RIVA LOGISTICS CO.,LTD. ,S.B. INTER,LKB,LCH,JEA,JEA,P,3
TH00555409,20200102,RIV01T,RIVA LOGISTICS CO.,LTD. ,S.B. INTER,LKB,LCH,JEA,JEA,P,3
IN00236506,20200102,RK1201,R.K.KAYANI FREIGHT BROKERS PVT LTD,ZENITH  DYEINTERMEDIATES  LTD.,NSA,NSA,TYO,TYO,P,1
VN00519354,20200102,RLCV02,REAL LOGISTICS CO., LTD,,SGN,SGN,BKK,BKK,P,22
IN00236449,20200102,RM0007,RAMAMARUTHI MINCHEM INDUSTRIES PVT LTD,RAMAMARUTHI MINCHEM INDUS,MAA,MAA,KPO,KPO,C,50
VN00519134,20200102,RYLV01,ROYAL LINE,,SGN,SGN,HKG,HKG,P,2
VN00519368,20200102,SAIV05,NORTH NEWPORT LOGISTICS JSC.,(NNPL).,,HPH,HPH,KIJ,KIJ,P,5
VN00519367,20200102,SAIV05,NORTH NEWPORT LOGISTICS JSC.,(NNPL).,,HPH,HPH,YKK,YKK,P,10
VN00519153,20200102,SANV01,SANTOH VINA LOGISTICS CO.,LTD.,,HPH,HPH,INC,INC,C,3
VN00519376,20200102,SANV01,SANTOH VINA LOGISTICS CO.,LTD.,,HPH,HPH,INC,INC,C,2
VN00519347,20200102,SCCV02,SMART CARGO SERVICE CO.,LTD,,SGN,SGN,JKT,JKT,P,2
VN00519344,20200102,SCCV02,SMART CARGO SERVICE CO.,LTD,,SGN,SGN,JKT,JKT,P,2
VN00519283,20200102,SCCV05,SON CAO CO., LTD.,,SGN,SGN,ISI,ISI,P,2
TH00555217,20200102,SCG005,SCG GROUP,SIAM KRAFT INDUSTRY,BKK,BKK,INC,INC,P,6
TH00555212,20200102,SCG005,SCG GROUP,SIAM KRAFT INDUSTRY,BKK,BKK,PUS,PUS,P,14
TH00555213,20200102,SCG005,SCG GROUP,SIAM KRAFT INDUSTRY,BKK,BKK,PUS,PUS,P,12
TH00555214,20200102,SCG005,SCG GROUP,SIAM KRAFT INDUSTRY,BKK,BKK,PUS,PUS,P,12
TH00555215,20200102,SCG005,SCG GROUP,SIAM KRAFT INDUSTRY,BKK,BKK,PUS,PUS,P,4
TH00555216,20200102,SCG005,SCG GROUP,SIAM KRAFT INDUSTRY,BKK,BKK,PUS,PUS,P,6
TH00555218,20200102,SCG005,SCG GROUP,SIAM KRAFT INDUSTRY,BKK,BKK,PUS,PUS,P,2
TH00555219,20200102,SCG005,SCG GROUP,SIAM KRAFT INDUSTRY,BKK,BKK,PUS,PUS,P,2
TH00555471,20200102,SCG005,SCG GROUP,SCG PERFORMANCE CHEMICALS CO.,,LCH,LCH,WUH,WUH,P,30
TH00555371,20200102,SCHE02,SCHENKER (THAI) LTD. ,SCHENKER,LCH,LCH,PKG,PKG,P,4
VN00519163,20200102,SCHV00,SCHENKER VIETNAM - HCM,,HPH,HPH,INC,INC,C,1
VN00519295,20200102,SCHV00,SCHENKER VIETNAM - HCM,,HPH,HPH,INC,INC,C,3
VN00519353,20200102,SDBV02,SDB VIETNAM - HANOI BRANCH,,HPH,HPH,INC,INC,C,1
VN00519175,20200102,SDBV10,SDB VIETNAM,,SGN,SGN,INC,INC,P,2
IN00236516,20200102,SE0204,SEAHORSE SHIP AGENCIES PRIVATE LTD,SEAHORSE,ANK,NSA,OSA,OSA,P,1
IN00236515,20200102,SE0204,SEAHORSE SHIP AGENCIES PRIVATE LTD,SEAHORSE,ANK,NSA,OSA,OSA,P,1
HK01069465,20200102,SEIH00,S.E.I. SUN EXPRESS INT'L LTD,S.E.I. SUN EXPRESS INT'L LTD,HKG,HKG,BKK,BKK,P,1
IN00236486,20200102,SF0001,M SHERIF & SONS PVT. LTD.,TIRUMALA COTTON,MAA,MAA,INC,INC,P,30
VN00519348,20200102,SGWV80,SG SAGAWA VIETNAM,SG SAGAWA VIETNAM,SGN,SGN,BKK,BKK,P,1
VN00519035,20200102,SHSV01,SEAHORSE SHIPPING CORPORATION,,SGN,SGN,LCH,LCH,P,2
IN00236512,20200102,SI1201,STAR INDIA CONTAINER LINE PVT. LTD.,MITTAL COIN,THI,NSA,NBO,NBO,P,1
IN00236541,20200102,SI1704,SINOTRANS INDIA PRIVATE LIMITED,AGRO GUM,MUN,MUN,IMI,IMI,P,1
TH00555339,20200102,SIA29T,SMS CORPORATION CO.,LTD. ,SMS CORPORATION CO.,LTD,BKK,BKK,PUS,PUS,P,4
TH00555346,20200102,SIA29T,SMS CORPORATION CO.,LTD. ,SMS CORPORATION CO.,LTD,BKK,BKK,PUS,PUS,P,2
TH00555336,20200102,SIA29T,SMS CORPORATION CO.,LTD. ,SMS CORPORATION CO.,LTD,BKK,BKK,PUS,PUS,P,4
TH00555344,20200102,SIA29T,SMS CORPORATION CO.,LTD. ,SMS CORPORATION CO.,LTD,BKK,BKK,PUS,PUS,P,4
TH00555345,20200102,SIA29T,SMS CORPORATION CO.,LTD. ,SMS CORPORATION CO.,LTD,BKK,BKK,PUS,PUS,P,2
TH00555332,20200102,SIA29T,SMS CORPORATION CO.,LTD. ,SMS CORPORATION CO.,LTD,BKK,BKK,PUS,PUS,P,4
TH00555340,20200102,SIA29T,SMS CORPORATION CO.,LTD. ,SMS CORPORATION CO.,LTD,BKK,BKK,PUS,PUS,P,2
TH00555334,20200102,SIA29T,SMS CORPORATION CO.,LTD. ,SMS CORPORATION CO.,LTD,BKK,BKK,PUS,PUS,P,6
TH00555374,20200102,SIA29T,SMS CORPORATION CO.,LTD. ,SMS CORPORATION,BKK,BKK,SGN,IPL,P,1
TH00555343,20200102,SIA29T,SMS CORPORATION CO.,LTD. ,SMS CORPORATION CO.,LTD,LCH,LCH,PUS,PUS,P,10
TH00555342,20200102,SIA29T,SMS CORPORATION CO.,LTD. ,OTTOGI RAMEN,LCH,LCH,PUS,PUS,P,10
TH00555338,20200102,SIA29T,SMS CORPORATION CO.,LTD. ,SMS CORPORATION CO.,LTD,LCH,LCH,PUS,PUS,P,10
HK01069586,20200102,SIHH03,SCHENKER INT'L (HK) LTD,SCHENKER INT'L (HK) LTD,HKG,HKG,BKK,BKK,P,1
HK01069453,20200102,SIHH03,SCHENKER INT'L (HK) LTD,SCHENKER INTERNATIONAL (H.K.) ,HKG,HKG,CCU,CCU,P,2
HK01069594,20200102,SIHH03,SCHENKER INT'L (HK) LTD,SCHENKER INT'L (HK) LTD,HKG,HKG,HPH,HPH,P,1
HK01069458,20200102,SIHH03,SCHENKER INT'L (HK) LTD,SCHENKER INTERNATIONAL (H.K.) ,HKG,HKG,PKG,PKG,P,1
HK01069419,20200102,SIHH03,SCHENKER INT'L (HK) LTD,SCHENKER INTERNATIONAL (H.K.) ,HKG,HKG,PKG,PKG,P,4
HK01069417,20200102,SIHH03,SCHENKER INT'L (HK) LTD,SCHENKER INTERNATIONAL (H.K.) ,HKG,HKG,PKG,PKG,P,2
HK01069406,20200102,SIHH03,SCHENKER INT'L (HK) LTD,SCHENKER INTERNATIONAL (H.K.) ,HKG,HKG,PUS,PUS,P,1
HK01069380,20200102,SIHH03,SCHENKER INT'L (HK) LTD,SCHENKER INTERNATIONAL (H.K.) ,HKG,HKG,PUS,PUS,P,3
VN00519340,20200102,SILV10,SML (SILVER MOUNTAIN LOG) HAN,,HPH,HPH,PUS,PUS,C,2
SG00262086,20200102,SIPS09,SINTOP INTERNATIONAL PTE LTD,SINTOP,SIN,SIN,KAN,KAN,C,1
SG00262084,20200102,SIPS09,SINTOP INTERNATIONAL PTE LTD,SINTOP,SIN,SIN,PUS,PUS,C,1
SG00262097,20200102,SIPS09,SINTOP INTERNATIONAL PTE LTD,SINTOP,SIN,SIN,PUS,PUS,P,1
SG00262110,20200102,SIPS09,SINTOP INTERNATIONAL PTE LTD,SINTOP,SIN,SIN,PUS,PUS,C,1
ID00589050,20200102,SJLI04,PT.SINAR JAYA LOGISTICS,PT SINAR JAYA LOGISTICS,JKT,JKT,INC,INC,P,1
IN00236494,20200102,SK0109,SKYSTAR LOGISTICS PVT. LTD.,GODREJ INDUSTRIES LTD.,NSA,NSA,PNC,PNC,P,2
ID00589105,20200102,SKLI03,PT.SAMUDERA KAPUAS LOGISTIK,PT. INDONESIA CHEMICAL ALUMINA,PNK,PNK,NGO,NGO,P,10
HK01069470,20200102,SLGZ09,SINOCEAN LOGISTICS (SHENZHEN) CO., LTD. ,SINOCEAN LOGISTICS (SHENZHEN) ,JIU,JIU,INC,INC,C,2
HK01069472,20200102,SLGZ09,SINOCEAN LOGISTICS (SHENZHEN) CO., LTD. ,SINOCEAN LOGISTICS (SHENZHEN) ,JIU,JIU,INC,INC,C,2
VN00519330,20200102,SLLV01,SL LOGISTICS,,SGN,SGN,PUS,PUS,P,2
VN00519329,20200102,SLLV01,SL LOGISTICS,,SGN,SGN,PUS,PUS,P,2
MY00375848,20200102,SLMM12,SCHENKER LOGISTICS (MALAYSIA) SDN BHD (147186-D),SCHENKER PENANG,PEN,PEN,SHA,SHA,P,2
MY00375903,20200102,SLMM16,SPRINT LOGISTICS (M) SDN BHD(IMPORT),SPRINT LOGISTICS (M) SDN BHD,PKG,PKG,SHA,SHA,P,2
ID00589107,20200102,SLRI01,PT.SARANA LINTAS RAYA,PT. SURYA BARU MAKMUR,JKT,JKT,HKG,HKG,P,2
SG00262055,20200102,SLSS15,SOUTHERN LIGHTS SHIPPING PTE LTD ,SOUTHERN LIGHTS ,SIN,SIN,INC,INC,P,1
VN00519310,20200102,SLSV02,SUN LOGISTICS VIETNAM CO., LTD,,HPH,HPH,IMB,IMB,P,1
IN00236528,20200102,SM2201,SHIVAM MINERALS & ALLIED IND [P] LTD,SHIVAM MINERALS AND ALLIED IND,MUN,MUN,LCH,LCH,P,3
MY00375879,20200102,SMSM04,SCHENKER LOGISTICS (M) SDN BHD,SCHENKER,PKG,PKG,SHA,SHA,P,1
ID00589004,20200102,SNGI01,PT.SAMUDERA NAGA GLOBAL,ORIGINAL,JKT,JKT,SGN,SGN,P,8
SG00262135,20200102,SNPS01,STOLT NIELSEN (SINGAPORE) PTE LTD,STOLT REF : 10327286,SIN,SIN,HUA,HUA,P,2
SG00262134,20200102,SNPS01,STOLT NIELSEN (SINGAPORE) PTE LTD,STOLT,SIN,SIN,HUA,HUA,P,2
SG00262136,20200102,SNPS01,STOLT NIELSEN (SINGAPORE) PTE LTD,STOLT REF : 10327224,SIN,SIN,HUA,HUA,P,2
SG00262076,20200102,SNPS01,STOLT NIELSEN (SINGAPORE) PTE LTD,SO # 10881158              1 X,SIN,SIN,NSA,NSA,P,1
SG00262139,20200102,SNPS01,STOLT NIELSEN (SINGAPORE) PTE LTD,SO # 10881337              1 X,SIN,SIN,NSA,NSA,P,1
SG00262073,20200102,SNPS01,STOLT NIELSEN (SINGAPORE) PTE LTD,SO # 10881351              1 X,SIN,SIN,NSA,NSA,P,1
SG00262074,20200102,SNPS01,STOLT NIELSEN (SINGAPORE) PTE LTD,SO # 10881352              1 X,SIN,SIN,NSA,NSA,P,1
SG00262140,20200102,SNPS01,STOLT NIELSEN (SINGAPORE) PTE LTD,SO # 10881346              1 X,SIN,SIN,NSA,NSA,P,1
SG00262078,20200102,SNPS01,STOLT NIELSEN (SINGAPORE) PTE LTD,SO # 10881163              1 X,SIN,SIN,NSA,NSA,P,1
HK01069426,20200102,SOGZ00,SHENZHEN SINO-OCEAN INTERNATIONAL TRANSPORTATION LTD(GUANGZHOU BRANCH),SINOOCEAN GROUP,HUA,HUA,MAA,BLR,P,1
TH00555298,20200102,SPL005,SUPER LUCK TRANSPORT CO LTD,ECO MANAGEMENT INDUSTRIAL CO L,LCH,LCH,YTN,YTN,P,4
IN00236495,20200102,SS1711,SEAHORSE SHIP AGENCIES PVT. LTD,SCOT EDIL PHARMACIA LTD,MUN,MUN,MNL,MNL,P,1
VN00519103,20200102,SSCV03,SEJUNG SHIPPING CO.,LTD.(VIETNAM),SJ,SGN,SGN,JKT,JKT,P,3
MY00375801,20200102,SSGM02,SAMSUNG SDS MALAYSIA SDN BHD,SEMA,PKG,PKG,INC,INC,C,2
MY00375944,20200102,SSGM03,SAMSUNG SDS MALAYSIA SDN BHD,SAMSUNG SDI ENERGY(M)SDN BHD,PKW,PKW,SHA,SHA,P,2
HK01069371,20200102,SSGZ07,SANCO INTERNATIONAL LOGISTICS LTD.,SANCO INTERNATIONAL LOGISTICS ,JMN,JMN,JEA,JEA,P,6
HK01069641,20200102,SSGZ07,SANCO INTERNATIONAL LOGISTICS LTD.,SANCO INTERNATIONAL LOGISTICS ,NNS,NNS,BKK,BKK,P,1
HK01069535,20200102,SSGZ07,SANCO INTERNATIONAL LOGISTICS LTD.,SANCO INTERNATIONAL LOGISTICS ,NNS,NNS,BKK,BKK,P,2
MY00375915,20200102,SSLM20,SSN LOGISTICS (M) SDN BHD,SUNWAY VCP,PKG,PKG,HKG,HKG,P,2
MY00375911,20200102,SSLM20,SSN LOGISTICS (M) SDN BHD,SUNWAY VCP,PKG,PKG,HKG,HKG,P,2
VN00519290,20200102,SSLV11,SUPER SPEED LOGISTICS JSC,,HPH,HPH,INC,INC,P,2
VN00519068,20200102,SSLV11,SUPER SPEED LOGISTICS JSC,SUPER,HPH,HPH,OSA,OSA,P,4
VN00519079,20200102,SSLV11,SUPER SPEED LOGISTICS JSC,SUPER,HPH,HPH,OSA,OSA,P,8
VN00519209,20200102,SSLV11,SUPER SPEED LOGISTICS JSC,SUPE,HPH,HPH,PUS,PUS,P,2
VN00519212,20200102,SSLV11,SUPER SPEED LOGISTICS JSC,SUPE,HPH,HPH,PUS,PUS,P,2
VN00519024,20200102,SSLV11,SUPER SPEED LOGISTICS JSC,SUPER,HPH,HPH,YOK,YOK,P,4
VN00519141,20200102,SSNV01,SUNSUN JSC,,HPH,HPH,INC,INC,C,3
VN00519038,20200102,SSNV01,SUNSUN JSC,,HPH,HPH,INC,INC,C,1
SG00262083,20200102,SSPS25,SCHENKER SINGAPORE (PTE) LTD,Schenker Singapore (Pte) Ltd,SIN,SIN,HKG,HKG,P,3
SG00262138,20200102,SSPS25,SCHENKER SINGAPORE (PTE) LTD,SCHENKER SINGAPORE PTE LTD,SIN,SIN,HUA,HUA,P,1
SG00262058,20200102,SSPS25,SCHENKER SINGAPORE (PTE) LTD,Shell Eastern Petroleum (Pte) Ltd,SIN,SIN,MAA,MAA,P,1
SG00262081,20200102,SSPS25,SCHENKER SINGAPORE (PTE) LTD,SHELL CHEMICAL,SIN,SIN,MAA,MAA,P,1
SG00262053,20200102,SSPS25,SCHENKER SINGAPORE (PTE) LTD,Shell Eastern Petroleum (Pte) Ltd,SIN,SIN,MAA,MAA,P,2
SG00262060,20200102,SSPS25,SCHENKER SINGAPORE (PTE) LTD,SCHENKER SINGAPORE,SIN,SIN,NSA,NSA,P,3
SG00262128,20200102,SSPS25,SCHENKER SINGAPORE (PTE) LTD,SHELL CHEMICAL,SIN,SIN,NSA,NSA,P,10
SG00262129,20200102,SSPS25,SCHENKER SINGAPORE (PTE) LTD,SHELL CHEMICAL,SIN,SIN,NSA,NSA,P,10
SG00262130,20200102,SSPS25,SCHENKER SINGAPORE (PTE) LTD,Schenker Singapore (Pte) Ltd,SIN,SIN,SHA,SHA,P,2
SG00262109,20200102,SSPS25,SCHENKER SINGAPORE (PTE) LTD,Teknor Apex Asia Pacific,SIN,SIN,SHA,SHA,P,1
SG00262133,20200102,SSPS25,SCHENKER SINGAPORE (PTE) LTD,Schenker Singapore (Pte) Ltd,SIN,SIN,SHA,SHA,P,4
SG00262066,20200102,SSPS25,SCHENKER SINGAPORE (PTE) LTD,Schenker Singapore (Pte) Ltd,SIN,SIN,SHA,SHA,P,1
SG00262096,20200102,SSPS25,SCHENKER SINGAPORE (PTE) LTD,Schenker Singapore (Pte) Ltd,SIN,SIN,SHK,SHK,P,1
IN00236505,20200102,ST01,ST JOHN FREIGHT,KANNAN FIBRE INDUSTRIES,VTZ,VTZ,SHA,SHA,P,16
IN00236458,20200102,ST0116,ST JOHN FREIGHT STSTEMS,ST JOHN FREIGHT SYSTEMS LTD,MOB,MUN,PNC,PNC,P,1
IN00236508,20200102,ST0117,SEATRANS AGENCIES PVT.LTD.,VINAYAKA MICRONS(INDIA)PVT LTD,DRI,MUN,PNC,PNC,P,10
MY00375850,20200102,STAM01,SRI TRANG AGRO-INDUSTRY PUBLIC CO., LTD,SRITRANG AGRO,PEN,PEN,KAN,KAN,C,6
MY00375886,20200102,STAR18,STAR CONCORD LOGISTICS SDN BHD,STAR CONCORD LOGISTICS SDN BHD,PKG,PKG,SHA,SHA,P,1
VN00519062,20200102,STCV06,SONG TAN LOGISTICS JSC,,SGN,SGN,BKK,BKK,P,2
VN00519232,20200102,STCV06,SONG TAN LOGISTICS JSC,,SGN,SGN,LCH,LCH,P,1
HK01069598,20200102,STGZ01,SINOTRANS GUANGDONG INTERNATIONAL FORWARDING CO.,LTD GUANGHZOU BRANCH,SINOTRANS SOUTH CHINA CO., LTD,JIU,JIU,KNZ,KNZ,P,4
MY00375913,20200102,STSM06,SHIPCO TRANSPORT SDN BHD,GREEN & NATURAL,PKG,PKG,HUA,HUA,P,1
MY00375926,20200102,STSM06,SHIPCO TRANSPORT SDN BHD,GREEN & NATURAL,PKG,PKG,PUS,PUS,P,1
TH00555410,20200102,SUNR00,SUNRISE LOGIX (THAILAND) CO.,LTD.,MOTORHOME ,LCH,LCH,TKS,TKS,P,2
VN00519224,20200102,SVCV06,SEBANG VINA CO., LTD,,HPH,HPH,INC,INC,P,1
VN00519225,20200102,SVCV06,SEBANG VINA CO., LTD,,HPH,HPH,INC,INC,P,2
VN00519285,20200102,SVCV06,SEBANG VINA CO., LTD,,HPH,HPH,PUS,PUS,C,6
VN00519298,20200102,SVIV03,SAO VIET INTERNATIONAL TRADING CO.,LTD,,HPH,HPH,MAA,MAA,P,1
IN00236498,20200102,SW0003,SHREENATHJI WORLDWIDE PRIVATE LTD,GLOSSY IMPEX PRIVATE LIMITED,MUN,MUN,TAO,TAO,P,22
IN00236497,20200102,SW0003,SHREENATHJI WORLDWIDE PRIVATE LTD,SHIV SHAKTI GINNING AND PRESSING PVT.LTD.,MUN,MUN,TAO,TAO,P,36
IN00236484,20200102,SW0003,SHREENATHJI WORLDWIDE PRIVATE LTD,GLOSSY IMPEX PRIVATE LIMITED,MUN,MUN,TAO,TAO,P,36
VN00519233,20200102,SWLV01,SCANWELL LOGISTICS VIETNAM,,SGN,SGN,SHK,SHK,P,2
VN00519393,20200102,SWVV01,SONGWOL VINA JOINT STOCK COMPANY.,,SGN,SGN,PUS,PUS,C,2
VN00519395,20200102,SWVV01,SONGWOL VINA JOINT STOCK COMPANY.,,SGN,SGN,PUS,PUS,C,2
VN00519267,20200102,TAFV02,TRI - ALLIANCE FREIGHT SERVICES CO., LTD,,SGN,SGN,LCH,LCH,P,2
IN00236547,20200102,TEAM00,TEAMGLOBAL LOGISTICS PVT LTD.,TEAMGLOBAL LOGISTICS PVT LTD,NSA,NSA,PNC,PNC,P,2
HK01069566,20200102,TEHH07,TRANSWAYS LOGISTICS INTERNATIONAL (HK) LTD,TRANSWAYS LOGISTICS INT'L LTD,HKG,HKG,INC,INC,C,2
TH00555489,20200102,TEI01T,TEIJIN POLYESTER (THAILAND) LIMITED,TEIJIN POLYESTER (THAILAND),BKK,BKK,IYM,IYM,C,1
TH00555317,20200102,TEI01T,TEIJIN POLYESTER (THAILAND) LIMITED,TEIJIN (THAILAND),BKK,BKK,KNZ,KNZ,C,2
TH00555354,20200102,TEI01T,TEIJIN POLYESTER (THAILAND) LIMITED,TEIJIN POLYESTER,BKK,BKK,KNZ,KNZ,C,2
TH00555309,20200102,TEI01T,TEIJIN POLYESTER (THAILAND) LIMITED,TEIJIN POLYESTER (THAILAND),BKK,BKK,KNZ,KNZ,C,4
TH00555311,20200102,TEI01T,TEIJIN POLYESTER (THAILAND) LIMITED,TEIJIN (THAILAND),BKK,BKK,KNZ,KNZ,C,6
TH00555325,20200102,TEI01T,TEIJIN POLYESTER (THAILAND) LIMITED,TEIJIN (THAILAND),BKK,BKK,KNZ,KNZ,C,6
TH00555351,20200102,TEI01T,TEIJIN POLYESTER (THAILAND) LIMITED,TEIJIN POLYESTER (THAILAND),BKK,BKK,KNZ,KNZ,C,4
TH00555315,20200102,TEI01T,TEIJIN POLYESTER (THAILAND) LIMITED,TEIJIN (THAILAND),BKK,BKK,KNZ,KNZ,C,2
TH00555356,20200102,TEI01T,TEIJIN POLYESTER (THAILAND) LIMITED,TEIJIN POLYESTER,BKK,BKK,NTG,NTG,P,1
TH00555357,20200102,TEI01T,TEIJIN POLYESTER (THAILAND) LIMITED,TEIJIN POLYESTER,BKK,BKK,NTG,NTG,P,1
TH00555361,20200102,TEI01T,TEIJIN POLYESTER (THAILAND) LIMITED,TEIJIN POLYESTER,BKK,BKK,SKT,SKT,C,2
HK01069460,20200102,TGLH10,TGL SHANGHAI CO.,LTD.-SHENZHEN BRANCH,TGL,HWN,HWN,PUS,PUS,C,2
TH00555287,20200102,THA31T,THAI POLYACETAL CO.,LTD.,THAI POLYCARBONATE CO.,LTD.,LCH,LCH,SHK,SHK,P,3
TH00555294,20200102,THA74T,BIRLA CARBON (THAILAND) PUBLIC CO .,LTD,THAI CARBON BLACK PUBLIC CO.,LTD.  ,BKK,BKK,SGN,SGN,P,2
TH00555483,20200102,THA74T,BIRLA CARBON (THAILAND) PUBLIC CO .,LTD,THAI CARBON BLACK PUBLIC CO.,LTD.  ,BKK,BKK,SGN,SGN,P,2
TH00555493,20200102,THA74T,BIRLA CARBON (THAILAND) PUBLIC CO .,LTD,THAI CARBON BLACK PUBLIC CO.,LTD.  ,BKK,BKK,SGN,SGN,P,16
TH00555485,20200102,THA74T,BIRLA CARBON (THAILAND) PUBLIC CO .,LTD,THAI CARBON BLACK PUBLIC CO.,LTD.  ,BKK,BKK,SGN,SGN,P,20
TH00555514,20200102,THA74T,BIRLA CARBON (THAILAND) PUBLIC CO .,LTD,THAI CARBON BLACK,BKK,BKK,UKB,UKB,P,3
TH00555503,20200102,THA74T,BIRLA CARBON (THAILAND) PUBLIC CO .,LTD,THAI CARBON BLACK,BKK,BKK,UKB,UKB,P,4
TH00555516,20200102,THA74T,BIRLA CARBON (THAILAND) PUBLIC CO .,LTD,THAI CARBON BLACK,BKK,BKK,UKB,UKB,P,1
TH00555519,20200102,THA74T,BIRLA CARBON (THAILAND) PUBLIC CO .,LTD,THAI CARBON BLACK,BKK,BKK,UKB,UKB,P,1
TH00555499,20200102,THA74T,BIRLA CARBON (THAILAND) PUBLIC CO .,LTD,THAI CARBON BLACK,BKK,BKK,UKB,UKB,P,1
TH00555501,20200102,THA74T,BIRLA CARBON (THAILAND) PUBLIC CO .,LTD,THAI CARBON BLACK,BKK,BKK,UKB,UKB,P,1
TH00555523,20200102,THA74T,BIRLA CARBON (THAILAND) PUBLIC CO .,LTD,THAI CARBON BLACK,BKK,BKK,UKB,UKB,P,1
TH00555511,20200102,THA74T,BIRLA CARBON (THAILAND) PUBLIC CO .,LTD,THAI CARBON BLACK,BKK,BKK,UKB,UKB,P,4
TH00555513,20200102,THA74T,BIRLA CARBON (THAILAND) PUBLIC CO .,LTD,THAI CARBON BLACK,BKK,BKK,UKB,UKB,P,1
TH00555502,20200102,THA74T,BIRLA CARBON (THAILAND) PUBLIC CO .,LTD,THAI CARBON BLACK,BKK,BKK,UKB,UKB,P,3
TH00555510,20200102,THA74T,BIRLA CARBON (THAILAND) PUBLIC CO .,LTD,THAI CARBON BLACK,BKK,BKK,UKB,UKB,P,1
TH00555506,20200102,THA74T,BIRLA CARBON (THAILAND) PUBLIC CO .,LTD,THAI CARBON BLACK,BKK,BKK,UKB,UKB,P,2
VN00519370,20200102,THHV14,THAMI SHIPPING AND AIRFREIGHT CORP. - HCM OFFICE,,HPH,HPH,YOK,YOK,P,1
TH00555303,20200102,THW05T,THE WORLD PACKING AND TRANSPORT CO.,LTD.,THAI MITSUI SPECIALTY CHEMICAL,LCH,LCH,SHA,SHA,P,1
MY00375805,20200102,TILM06,TIC LOGISTICS (M) SDN BHD,ANSELL (KULIM) SDN BHD (57285X,PEN,PEN,JEA,JEA,P,1
MY00375808,20200102,TITA02,TITAN LOGISTICS (M) SDN BHD,GETAH,PKG,PKG,HUA,HUA,P,1
MY00375824,20200102,TITA02,TITAN LOGISTICS (M) SDN BHD,GETAH,PKG,PKG,SHA,SHA,P,1
MY00375901,20200102,TITA02,TITAN LOGISTICS (M) SDN BHD,GETAH,PKG,PKG,SHA,SHA,P,1
MY00375804,20200102,TITA02,TITAN LOGISTICS (M) SDN BHD,GETAH,PKG,PKG,SHA,SHA,P,2
IN00236455,20200102,TK1201,TULSIDAS KHIMJI PVT LTD,AKSHARCHEM IND,AMD,MUN,LUU,LUU,P,2
IN00236460,20200102,TL1202,TEAMGLOBAL LOGISTICS PVT LTD,TEAMGLOBAL LOGISTICS PVT LTD,AMD,MUN,PNC,PNC,P,1
IN00236534,20200102,TL1210,TEAMLEADER LOGISTICS PVT LTD,TEAM LEADER LOGISTICS PVT. LTD,AMD,MUN,SIN,SIN,P,2
VN00519214,20200102,TMCV03,THAMI SHIPPING & AIRFREIGHT CORP,,SGN,SGN,JKT,JKT,P,1
VN00519349,20200102,TMCV03,THAMI SHIPPING & AIRFREIGHT CORP,,SGN,SGN,PUS,PUS,P,2
VN00519226,20200102,TMCV03,THAMI SHIPPING & AIRFREIGHT CORP,,SGN,SGN,TYO,TYO,P,1
ID00588896,20200102,TMII09,PT.TRANSLINDO MALAKA EXPRESS,PT. MUSIM MAS,BLW,BLW,INC,INC,P,15
ID00588899,20200102,TMII09,PT.TRANSLINDO MALAKA EXPRESS,PT. MUSIM MAS,BLW,BLW,INC,INC,P,15
ID00588900,20200102,TMII09,PT.TRANSLINDO MALAKA EXPRESS,PT. MUSIM MAS,BLW,BLW,INC,INC,P,15
MY00375809,20200102,TMSM02,TRI-MODE SYSTEM (M) BERHAD,ZIRCOSIL,PKG,PKG,PUS,PUS,P,1
MY00375810,20200102,TMSM02,TRI-MODE SYSTEM (M) BERHAD,ZIRCOSIL (MALAYSIA) SDN BHD,PKG,PKG,PUS,PUS,P,1
VN00519040,20200102,TNCV19,TNC LOGISTICS ,,SGN,SGN,PUS,PUS,P,2
SG00262085,20200102,TPCS02,THE POLYOLEFIN COMPANY (S) PTE LTD,TPC,SIN,SIN,JKT,JKT,P,2
IN00236450,20200102,TR0005,TAURUS LINES PVT. LTD.,DORF KETAL CHEMICALS INDIA PVT,MUN,MUN,PNC,PNC,P,1
VN00519279,20200102,TRAV23,TRANCY DISTRIBUTION (VIET NAM),TRANCY,SGN,SGN,TYO,TYO,P,4
MY00375861,20200102,TRCM01,TRANCY LOGISTIC (M) SDN BHD,NEGM,PKG,PKG,INC,INC,P,2
TH00555305,20200102,TRGJ00,TORAY GROUP,THAI TORAY,BKK,BKK,HKG,HKG,P,3
TH00555497,20200102,TRUE02,TRUE MARINE CO.,LTD.,THANTAWAN INDUSTRY,LKB,LCH,TYO,TYO,P,1
VN00519359,20200102,TRUV02,TRUC PHUONG NORTHERN LOGISTICS COMPANY LIMITED,,HPH,HPH,TMK,TMK,P,36
VN00519071,20200102,TSCV04,TAINAN SPINNING CO., LTD. (VIETNAM),,SGN,SGN,INC,INC,P,2
ID00588965,20200102,TSKI00,PT.TUNAS SAMUDRA KURNIA,PT KALDU SARI NABATI INDONESIA,JKT,JKT,SGN,SGN,P,2
VN00519128,20200102,TSLV03,TSL NETWORKS VIETNAM,,HPH,HPH,INC,INC,C,1
VN00519130,20200102,TSLV03,TSL NETWORKS VIETNAM,,HPH,HPH,INC,INC,P,1
VN00519355,20200102,TSLV03,TSL NETWORKS VIETNAM,,HPH,HPH,INC,INC,C,1
MY00375910,20200102,TSMM03,TMI CONTAINER LINE SDN BHD,TBA,PKG,PKG,SHA,SHA,C,1
VN00519287,20200102,TSWV01,TRANS WAGON INT'L CO.,LTD,,SGN,SGN,INC,INC,C,5
ID00589070,20200102,TSXI00,PT.SUMBER UNTUNG TRANSINDO,ORIGINAL,SUB,SUB,SDJ,SDJ,P,2
ID00589027,20200102,TSXI15,PT.TRISURYA SEMPANA,PT.TRISURYA SEMPANA,SUB,SUB,INC,INC,C,2
TH00555337,20200102,TT021T,THAI UNION MANUFACTURING  CO.,LTD. ,OKEANOS FOOD CO.,LTD.,BKK,BKK,PUS,PUS,P,1
TH00555359,20200102,TT109T,THAI FLOUR INDUSTRY CO.,LTD. ,THAI FLOUR INDUSTRY CO LTD,BKK,BKK,NGO,NGO,P,2
TH00555318,20200102,TT109T,THAI FLOUR INDUSTRY CO.,LTD. ,THAI FLOUR INDUSTRY CO LTD,LKB,LCH,TYO,TYO,P,2
VN00519053,20200102,TTOV01,TTO SAI GON,,SGN,SGN,TAO,TAO,P,2
ID00588931,20200102,TUII01,PT.TRANS UTAMA INDOKARYA,PT. TRANS UTAMA INDOKARYA,JKT,JKT,INC,INC,P,1
ID00589024,20200102,TUII01,PT.TRANS UTAMA INDOKARYA,PT. TRANS UTAMA INDOKARYA,JKT,JKT,PUS,PUS,P,2
ID00588919,20200102,TUTI01,PT.TRANS UTAMA INDOKARYA,PT. TRANS UTAMA INDOKARYA,SUB,SUB,PUS,PUS,C,1
HK01069557,20200102,TVLH02,TRANS VAN LINE LIMITED,TRANS VAN LINE LTD.,HKG,HKG,BKK,BKK,P,1
HK01069549,20200102,TWLH00,TRANSWORLD LOGISTICS (HONG KONG) LIMITED,TRANSWORLD,HKG,HKG,SGN,SGN,P,1
HK01069552,20200102,TWLH00,TRANSWORLD LOGISTICS (HONG KONG) LIMITED,TRANSWORLD,HKG,HKG,SGN,SGN,P,1
VN00519257,20200102,TWTV01,TRANS WORLD LOGISTICS INT'L CO., LTD(T.W.T),,SGN,SGN,LCH,LCH,P,2
MY00375882,20200102,UANM10,UAN LOGISTICS SDN BHD,BEYOND,PKW,PKW,KHH,KHH,P,1
VN00519085,20200102,UGLV00,UNI -GLOBAL LOGISTICS JSC,,SGN,SGN,BKK,BKK,P,4
VN00519146,20200102,UGLV00,UNI -GLOBAL LOGISTICS JSC,,SGN,SGN,BKK,BKK,P,2
MY00375912,20200102,UILM01,UNIQUE INTERNATIONAL LOGISTICS (M) SDN BHD,RESPACK MFG SDN BHD,PEN,PEN,FKY,FKY,P,4
MY00375914,20200102,UILM01,UNIQUE INTERNATIONAL LOGISTICS (M) SDN BHD,RESPACK MFG SDN BHD,PEN,PEN,ISI,ISI,P,2
MY00375916,20200102,UILM01,UNIQUE INTERNATIONAL LOGISTICS (M) SDN BHD,RESPACK MFG SDN BHD,PEN,PEN,TYO,TYO,P,2
IN00236459,20200102,UL4501,UNICO LOGISTICS INDIA PVT LTD,UNICO LOGISTICS INDIA PVT LTD,NSA,NSA,PNC,PNC,C,1
HK01069466,20200102,USAH08,UPS SCS (ASIA) LIMITED,UPS SCS (ASIA) LTD,HKG,HKG,PUS,PUS,C,2
HK01069569,20200102,UTIH04,DSV AIR & SEA LTD,DSV AIR & SEA LIMITED,HKG,HKG,INC,INC,C,1
HK01069592,20200102,UTIH04,DSV AIR & SEA LTD,DSV AIR & SEA LIMITED,HKG,HKG,INC,INC,C,1
IN00236481,20200102,VAL101,VEDANTA ALUMINIUM LTD.,VEDANATA,VTZ,VTZ,PKW,PKW,P,18
VN00519093,20200102,VBKV01,VAN BAO KHOA GLOBAL LOGISTICS CO.,LTD,,SGN,SGN,XMN,XMN,P,2
VN00519145,20200102,VBKV01,VAN BAO KHOA GLOBAL LOGISTICS CO.,LTD,,SGN,SGN,XMN,XMN,P,6
HK01069381,20200102,VCGZ01,GUANGZHOU FOCUS GLOBAL LOGISTICS CORPORATION LTD.,GUANGZHOU FOCUS,NNS,NNS,JEA,JEA,P,2
IN00236453,20200102,VENDEL,VENUS FREIGHT LOGISTICS,DIWAKAR ENTERPRISES PVT LTD,REW,MUN,KAN,KAN,P,5
VN00519223,20200102,VETV00,VIET TRUST ENGINEERING & CONSTRUCTION CO., LTD,,HPH,HPH,XMN,XMN,P,1
HK01069634,20200102,VLHH01,VINPAC LINES (HONG KONG) LTD,VINPAC LINES (HONG KONG) LTD,HKG,HKG,KEL,KEL,P,2
SG00262067,20200102,VLSS03,VANGUARD LOGISTICS SERVICES (S) PTE LTD,VANGUARD,SIN,SIN,SHA,SHA,P,3
IN00236532,20200102,VS1200,VISHAL SHIPPING AGENCIES PVT LTD,AMBUJA SOLVEX,AMD,MUN,HKG,HKG,P,1
IN00236530,20200102,VS1200,VISHAL SHIPPING AGENCIES PVT LTD,AMBUJA SOLVEX,AMD,MUN,HKG,HKG,P,1
IN00236504,20200102,VS1200,VISHAL SHIPPING AGENCIES PVT LTD,AMBUJA INTERMADIATES,AMD,MUN,PNC,PNC,P,2
IN00236461,20200102,VS1200,VISHAL SHIPPING AGENCIES PVT LTD,KISCO INDIA PVT LTD,AMD,MUN,PNC,PNC,P,2
VN00519321,20200102,VSTV01,VSC SHIPPING COMPANY LIMITED-VS TRANS COMPANY LIMITED,,SGN,SGN,NGO,NGO,P,6
HK01069587,20200102,VTLH01,VINFLAIR SHIPPING LTD,VINFLAIR,HKG,HKG,HPH,HPH,P,3
MY00375783,20200102,VTZM01,HAYLOO LOGISTIC SDN BHD,CHH,PKG,PKG,KHI,KHI,P,10
MY00375784,20200102,VTZM01,HAYLOO LOGISTIC SDN BHD,CHH,PKG,PKG,KHI,KHI,P,10
MY00375791,20200102,VTZM01,HAYLOO LOGISTIC SDN BHD,CHH,PKW,PKW,KHI,KHI,P,10
MY00375793,20200102,VTZM01,HAYLOO LOGISTIC SDN BHD,CHH,PKW,PKW,KHI,KHI,P,10
MY00375790,20200102,VTZM01,HAYLOO LOGISTIC SDN BHD,CHH,PKW,PKW,KHI,KHI,P,10
MY00375777,20200102,VTZM01,HAYLOO LOGISTIC SDN BHD,CHH,PKW,PKW,KHI,KHI,P,10
VN00519366,20200102,WCLV02,WONCHANG LOGISTICS CO., LTD,,SGN,SGN,PUS,PUS,P,1
VN00519336,20200102,WCLV02,WONCHANG LOGISTICS CO., LTD,,SGN,SGN,PUS,PUS,P,1
HK01069607,20200102,WELH13,WEALTH EXPRESS (HK) LIMITED,WEALTH EXPRESS (HK) LTD.,HKG,HKG,BKK,BKK,C,3
ID00589011,20200102,WGLI00,PT.WINGS GLOBAL LOGISTICS,PT. WINGS GLOBAL LOGISTICS,JKT,JKT,INC,INC,C,1
ID00589007,20200102,WGLI00,PT.WINGS GLOBAL LOGISTICS,PT. WINGS GLOBAL LOGISTICS,JKT,JKT,INC,INC,P,1
ID00589094,20200102,WGLI00,PT.WINGS GLOBAL LOGISTICS,PT. WINGS GLOBAL LOGISTICS,JKT,JKT,SGN,SGN,P,1
HK01069444,20200102,WLGZ00,WORLDWIDE LOGISTICS CO., LTD. GUANGZHOU BRANCH,NEWTIME IMPORT & EXPORT CORPOR,BJO,BJO,PKG,PKG,P,8
MY00375862,20200102,WLMF01,WORLDLINK MARINE FREIGHT SDN BHD,WORLDLINK MARINE FREIGHT S/B,PEN,PEN,MIP,MIP,P,2
MY00375871,20200102,WSFM01,WLS SHIPPING & FORWARDING (M) S/B,EXCEL BIZ ,PKW,PKW,KAN,KAN,P,16
HK01069433,20200102,WSGZ06,SHENZHEN WISDOM SUPPLY CHAIN MANAGEMENT CO . ,LTD,HONGKONG VICROA CO., LIMITED,XON,XON,TKS,TKS,C,2
HK01069424,20200102,WTLH12,WING TRANS LOGISTICS (HK) LTD,WING TRANS LOGISITCS (HK) LTD.,HKG,HKG,JKT,JKT,P,1
HK01069599,20200102,WUSH01,WELL UNITED SHIPPING LTD.,WELL UNITED SHIPPING LTD,HKG,HKG,KNZ,KNZ,P,10
HK01069656,20200102,WUSH01,WELL UNITED SHIPPING LTD.,WELL UNITED SHIPPING LTD,HKG,HKG,SUB,SUB,P,10
VN00519300,20200102,WWLV01,WORLDWIDE LINK CO.,LTD,,SGN,SGN,HKG,HKG,P,2
SG00262099,20200102,YASS01,YUSEN LOGISTICS (SINGAPORE) PTE LTD,YUSEN LOGISTICS (S) PTE LTD,SIN,SIN,AXT,AXT,C,1
SG00262092,20200102,YASS01,YUSEN LOGISTICS (SINGAPORE) PTE LTD,YUSEN LOGISTICS (S) PTE LTD,SIN,SIN,MIZ,MIZ,C,1
SG00262094,20200102,YASS01,YUSEN LOGISTICS (SINGAPORE) PTE LTD,YUSEN LOGISTICS (S) PTE LTD,SIN,SIN,TMK,TMK,C,1
HK01069405,20200102,YJCH00,YJC HONG KONG LIMITED,YJC SZ,HKG,HKG,INC,INC,C,2
VN00519297,20200102,YJCV01,YJC (VIETNAM) CO.,  LTD,,SGN,SGN,JKT,JKT,P,5
ID00589060,20200102,YLII02,PT.YUSEN LOGISTICS INDONESIA,YUSEN LOGISTICS,JKT,JKT,YTN,YTN,P,3
ID00589063,20200102,YLII02,PT.YUSEN LOGISTICS INDONESIA,YUSEN LOGISTICS,JKT,JKT,YTN,YTN,P,3
ID00589061,20200102,YLII02,PT.YUSEN LOGISTICS INDONESIA,YUSEN LOGISTICS,JKT,JKT,YTN,YTN,P,3
VN00519381,20200102,YSNV05,YUSEN LOGISTICS SOLUTION (VIETNAM) CO., LTD,,HPH,HPH,INC,INC,P,6
VN00519317,20200102,YSNV05,YUSEN LOGISTICS SOLUTION (VIETNAM) CO., LTD,,HPH,HPH,PUS,PUS,C,2
VN00519320,20200102,YSNV05,YUSEN LOGISTICS SOLUTION (VIETNAM) CO., LTD,,HPH,HPH,PUS,PUS,C,2
ID00588972,20200102,ZMMA01,PT.ZIMMOAH TRANS,PT. ZIMMOAH MARINE TRANS,SUB,SUB,INC,INC,C,6
ID00589013,20200102,ZMTI01,PT.ZIMMOAH MARINE TRANS,PT. ZIMMOAH MARINE TRANS,JKT,JKT,INC,INC,P,1
ID00588903,20200102,ZMTI01,PT.ZIMMOAH MARINE TRANS,PT. ZIMMOAH MARINE TRANS,JKT,JKT,PNC,PNC,C,2
ID00588978,20200102,ZMTI01,PT.ZIMMOAH MARINE TRANS,PT MULIAGLASS,JKT,JKT,PUS,PUS,C,13
ID00588905,20200102,ZMTI01,PT.ZIMMOAH MARINE TRANS,PT. ZIMMOAH MARINE TRANS,JKT,JKT,PUS,PUS,C,1
ID00589010,20200102,ZMTI01,PT.ZIMMOAH MARINE TRANS,PT. ZIMMOAH MARINE TRANS,JKT,JKT,PUS,PUS,P,4
ID00588960,20200102,ZMTI01,PT.ZIMMOAH MARINE TRANS,PT. ZIMMOAH MARINE TRANS,JKT,JKT,PUS,PUS,P,1
ID00589041,20200102,ZMTI01,PT.ZIMMOAH MARINE TRANS,PT. ZIMMOAH MARINE TRANS,JKT,JKT,SGN,SGN,P,2
ID00588969,20200102,ZMTI01,PT.ZIMMOAH MARINE TRANS,PT. ZIMMOAH MARINE TRANS,JKT,JKT,SGN,SGN,P,1
ID00588967,20200102,ZMTI01,PT.ZIMMOAH MARINE TRANS,PT. ZIMMOAH MARINE TRANS,JKT,JKT,SGN,SGN,P,1
HK01069363,20200102,ZWGZ05,SINOTRANS GUANGXI CO.,LTD,GUIZHOU REDSTAR DEVELOPING IMP,FAN,FAN,KAN,KAN,P,5
VN00519479,20200103,3ASV01,AAAS LOGISTICS SERVICES CO.,LTD,,SGN,SGN,PUS,PUS,P,1
IN00236573,20200103,AARG00,AARTI INDUSTRIES LIMITED,AARTI INDUSTRIES LTD,NSA,NSA,INC,INC,P,1
IN00236574,20200103,AARG00,AARTI INDUSTRIES LIMITED,AARTI INDUSTRIES LTD,NSA,NSA,OSA,OSA,P,1
IN00236615,20200103,AARG00,AARTI INDUSTRIES LIMITED,AARTI INDUSTRIES LTD,NSA,NSA,PNC,PNC,P,1
IN00236645,20200103,AARG00,AARTI INDUSTRIES LIMITED,AARTI INDUSTRIES LTD,NSA,NSA,PNC,PNC,P,1
IN00236614,20200103,AARG00,AARTI INDUSTRIES LIMITED,AARTI INDUSTRIES LTD,NSA,NSA,PNC,PNC,P,1
VN00519689,20200103,ABKV01,ABK VINA INTERNATIONAL LOGISTICS CO.,LTD,,HPH,HPH,INC,INC,P,1
TH00555631,20200103,ABL15T,ABLE LOGISTICS CO.,LTD.,DACHENG,LCH,LCH,LUU,LUU,P,6
TH00555626,20200103,ABL15T,ABLE LOGISTICS CO.,LTD.,DACHENG,LCH,LCH,NBO,NBO,P,6
TH00555634,20200103,ABL15T,ABLE LOGISTICS CO.,LTD.,AMPACET THAILAND CO.,LTD,LCH,LCH,PUS,PUS,P,2
TH00555633,20200103,ACC04T,ACCESS TRANSPORT CORPORATION LIMITED,EVERLIGHT CANDLE (THAILAND)CO.,LTD,LCH,LCH,DLC,DLC,C,3
TH00555567,20200103,ACC05T,ACCORD PILOT LOGISTICS (THAILAND)  CO.,LTD.,MERCURY,BKK,BKK,SGN,SGN,P,1
TH00555553,20200103,ACC05T,ACCORD PILOT LOGISTICS (THAILAND)  CO.,LTD.,MERCURY,BKK,BKK,SGN,SGN,P,1
TH00555559,20200103,ACC05T,ACCORD PILOT LOGISTICS (THAILAND)  CO.,LTD.,MERCURY,BKK,BKK,SGN,SGN,P,1
TH00555562,20200103,ACC05T,ACCORD PILOT LOGISTICS (THAILAND)  CO.,LTD.,MERCURY,BKK,BKK,SGN,SGN,P,1
TH00555557,20200103,ACC05T,ACCORD PILOT LOGISTICS (THAILAND)  CO.,LTD.,MERCURY,BKK,BKK,SGN,SGN,P,1
TH00555561,20200103,ACC05T,ACCORD PILOT LOGISTICS (THAILAND)  CO.,LTD.,THAI MALAYA GLASS,BKK,BKK,SHA,SHA,P,2
TH00555720,20200103,ACC05T,ACCORD PILOT LOGISTICS (THAILAND)  CO.,LTD.,HANWHA CHEMICAL,BKK,BKK,SHA,SHA,P,1
MY00376090,20200103,ACS901,ALAMI COMMODITIES SDN. BHD.,ALAMI COMMODITIES SDN BHD,PKG,PKG,DLC,DLC,P,2
HK01069930,20200103,ADGZ00,GUANGZHOU A&D LOGISTICS CO.,LTD,GUANGDI MAOMING CHEMICAL CO.,L,NNS,NNS,SGN,SGN,P,3
IN00236600,20200103,AF1211,AFFORD FREIGHT SERVICES  PVT. LTD. ,COLOURTEX INDUSTRIES PVT. LTD.,HZR,HZR,SIN,SIN,P,1
IN00236601,20200103,AF1211,AFFORD FREIGHT SERVICES  PVT. LTD. ,COLOURTEX INDUSTRIES PVT. LTD.,HZR,HZR,SIN,SIN,P,2
HK01069724,20200103,AFGZ00,SHANGHAI AMASS LOGISTICS CO.,LTD GUANGZHOU BRANCH,AMASS,HUA,HUA,INC,INC,C,1
TH00555717,20200103,AGI01T,AGILITY CO.,LTD.,MONDELEZ ,LCH,LCH,SHA,SHA,P,6
SG00262172,20200103,AGPS06,AM GLOBAL PTE LTD ,SAK,SIN,SIN,INC,INC,P,1
SG00262171,20200103,AGPS06,AM GLOBAL PTE LTD ,AM GLOBAL PTE LTD,SIN,SIN,TAO,TAO,P,5
HK01069839,20200103,AHGZ02,ANHUAI CO.,LTD,ANHUAI CO.,LTD,JIU,JIU,PUS,PUS,C,2
ID00589208,20200103,AICI02,PT. APAC INTI CORPORA,PT APAC INTI CORPORA,SRG,SRG,PUS,PUS,P,2
